input_path,label_hint,output_stem,width,height,clusters,tumor_pixels,tumor_area_fraction,segmented_path,mask_path,cluster_path,histogram_path
C:\Users\ritvi\Desktop\brain\data\raw\no\1 no.jpeg,no,no1,630,630,1,0,0.000000,C:\Users\ritvi\Desktop\brain\data\outputs\segmented\no\no1_segmented.png,C:\Users\ritvi\Desktop\brain\data\outputs\masks\no\no1_mask.png,C:\Users\ritvi\Desktop\brain\data\outputs\clusters\no\no1_clusters.png,C:\Users\ritvi\Desktop\brain\data\outputs\histograms\no\no1_histogram.jpg
C:\Users\ritvi\Desktop\brain\data\raw\no\2 no.jpeg,no,no2,630,630,2,0,0.000000,C:\Users\ritvi\Desktop\brain\data\outputs\segmented\no\no2_segmented.png,C:\Users\ritvi\Desktop\brain\data\outputs\masks\no\no2_mask.png,C:\Users\ritvi\Desktop\brain\data\outputs\clusters\no\no2_clusters.png,C:\Users\ritvi\Desktop\brain\data\outputs\histograms\no\no2_histogram.jpg
C:\Users\ritvi\Desktop\brain\data\raw\no\3 no.jpg,no,no3,225,225,2,0,0.000000,C:\Users\ritvi\Desktop\brain\data\outputs\segmented\no\no3_segmented.png,C:\Users\ritvi\Desktop\brain\data\outputs\masks\no\no3_mask.png,C:\Users\ritvi\Desktop\brain\data\outputs\clusters\no\no3_clusters.png,C:\Users\ritvi\Desktop\brain\data\outputs\histograms\no\no3_histogram.jpg
C:\Users\ritvi\Desktop\brain\data\raw\no\4 no.jpg,no,no4,201,250,2,0,0.000000,C:\Users\ritvi\Desktop\brain\data\outputs\segmented\no\no4_segmented.png,C:\Users\ritvi\Desktop\brain\data\outputs\masks\no\no4_mask.png,C:\Users\ritvi\Desktop\brain\data\outputs\clusters\no\no4_clusters.png,C:\Users\ritvi\Desktop\brain\data\outputs\histograms\no\no4_histogram.jpg
C:\Users\ritvi\Desktop\brain\data\raw\no\5 no.jpg,no,no5,225,225,1,0,0.000000,C:\Users\ritvi\Desktop\brain\data\outputs\segmented\no\no5_segmented.png,C:\Users\ritvi\Desktop\brain\data\outputs\masks\no\no5_mask.png,C:\Users\ritvi\Desktop\brain\data\outputs\clusters\no\no5_clusters.png,C:\Users\ritvi\Desktop\brain\data\outputs\histograms\no\no5_histogram.jpg
C:\Users\ritvi\Desktop\brain\data\raw\no\6 no.jpg,no,no6,192,192,1,0,0.000000,C:\Users\ritvi\Desktop\brain\data\outputs\segmented\no\no6_segmented.png,C:\Users\ritvi\Desktop\brain\data\outputs\masks\no\no6_mask.png,C:\Users\ritvi\Desktop\brain\data\outputs\clusters\no\no6_clusters.png,C:\Users\ritvi\Desktop\brain\data\outputs\histograms\no\no6_histogram.jpg
C:\Users\ritvi\Desktop\brain\data\raw\no\7 no.jpg,no,no7,428,417,2,0,0.000000,C:\Users\ritvi\Desktop\brain\data\outputs\segmented\no\no7_segmented.png,C:\Users\ritvi\Desktop\brain\data\outputs\masks\no\no7_mask.png,C:\Users\ritvi\Desktop\brain\data\outputs\clusters\no\no7_clusters.png,C:\Users\ritvi\Desktop\brain\data\outputs\histograms\no\no7_histogram.jpg
C:\Users\ritvi\Desktop\brain\data\raw\no\8 no.jpg,no,no8,201,251,2,0,0.000000,C:\Users\ritvi\Desktop\brain\data\outputs\segmented\no\no8_segmented.png,C:\Users\ritvi\Desktop\brain\data\outputs\masks\no\no8_mask.png,C:\Users\ritvi\Desktop\brain\data\outputs\clusters\no\no8_clusters.png,C:\Users\ritvi\Desktop\brain\data\outputs\histograms\no\no8_histogram.jpg
C:\Users\ritvi\Desktop\brain\data\raw\no\9 no.jpg,no,no9,173,201,2,0,0.000000,C:\Users\ritvi\Desktop\brain\data\outputs\segmented\no\no9_segmented.png,C:\Users\ritvi\Desktop\brain\data\outputs\masks\no\no9_mask.png,C:\Users\ritvi\Desktop\brain\data\outputs\clusters\no\no9_clusters.png,C:\Users\ritvi\Desktop\brain\data\outputs\histograms\no\no9_histogram.jpg
C:\Users\ritvi\Desktop\brain\data\raw\no\10 no.jpg,no,no10,173,201,2,0,0.000000,C:\Users\ritvi\Desktop\brain\data\outputs\segmented\no\no10_segmented.png,C:\Users\ritvi\Desktop\brain\data\outputs\masks\no\no10_mask.png,C:\Users\ritvi\Desktop\brain\data\outputs\clusters\no\no10_clusters.png,C:\Users\ritvi\Desktop\brain\data\outputs\histograms\no\no10_histogram.jpg
C:\Users\ritvi\Desktop\brain\data\raw\no\11 no.jpg,no,no11,300,168,1,0,0.000000,C:\Users\ritvi\Desktop\brain\data\outputs\segmented\no\no11_segmented.png,C:\Users\ritvi\Desktop\brain\data\outputs\masks\no\no11_mask.png,C:\Users\ritvi\Desktop\brain\data\outputs\clusters\no\no11_clusters.png,C:\Users\ritvi\Desktop\brain\data\outputs\histograms\no\no11_histogram.jpg
C:\Users\ritvi\Desktop\brain\data\raw\no\12 no.jpg,no,no12,275,183,1,0,0.000000,C:\Users\ritvi\Desktop\brain\data\outputs\segmented\no\no12_segmented.png,C:\Users\ritvi\Desktop\brain\data\outputs\masks\no\no12_mask.png,C:\Users\ritvi\Desktop\brain\data\outputs\clusters\no\no12_clusters.png,C:\Users\ritvi\Desktop\brain\data\outputs\histograms\no\no12_histogram.jpg
C:\Users\ritvi\Desktop\brain\data\raw\no\13 no.jpg,no,no13,300,168,1,0,0.000000,C:\Users\ritvi\Desktop\brain\data\outputs\segmented\no\no13_segmented.png,C:\Users\ritvi\Desktop\brain\data\outputs\masks\no\no13_mask.png,C:\Users\ritvi\Desktop\brain\data\outputs\clusters\no\no13_clusters.png,C:\Users\ritvi\Desktop\brain\data\outputs\histograms\no\no13_histogram.jpg
C:\Users\ritvi\Desktop\brain\data\raw\no\14 no.jpg,no,no14,177,197,1,0,0.000000,C:\Users\ritvi\Desktop\brain\data\outputs\segmented\no\no14_segmented.png,C:\Users\ritvi\Desktop\brain\data\outputs\masks\no\no14_mask.png,C:\Users\ritvi\Desktop\brain\data\outputs\clusters\no\no14_clusters.png,C:\Users\ritvi\Desktop\brain\data\outputs\histograms\no\no14_histogram.jpg
C:\Users\ritvi\Desktop\brain\data\raw\no\15 no.jpg,no,no15,232,217,2,0,0.000000,C:\Users\ritvi\Desktop\brain\data\outputs\segmented\no\no15_segmented.png,C:\Users\ritvi\Desktop\brain\data\outputs\masks\no\no15_mask.png,C:\Users\ritvi\Desktop\brain\data\outputs\clusters\no\no15_clusters.png,C:\Users\ritvi\Desktop\brain\data\outputs\histograms\no\no15_histogram.jpg
C:\Users\ritvi\Desktop\brain\data\raw\no\17 no.jpg,no,no17,218,231,2,0,0.000000,C:\Users\ritvi\Desktop\brain\data\outputs\segmented\no\no17_segmented.png,C:\Users\ritvi\Desktop\brain\data\outputs\masks\no\no17_mask.png,C:\Users\ritvi\Desktop\brain\data\outputs\clusters\no\no17_clusters.png,C:\Users\ritvi\Desktop\brain\data\outputs\histograms\no\no17_histogram.jpg
C:\Users\ritvi\Desktop\brain\data\raw\no\18 no.jpg,no,no18,228,221,1,0,0.000000,C:\Users\ritvi\Desktop\brain\data\outputs\segmented\no\no18_segmented.png,C:\Users\ritvi\Desktop\brain\data\outputs\masks\no\no18_mask.png,C:\Users\ritvi\Desktop\brain\data\outputs\clusters\no\no18_clusters.png,C:\Users\ritvi\Desktop\brain\data\outputs\histograms\no\no18_histogram.jpg
C:\Users\ritvi\Desktop\brain\data\raw\no\19 no.jpg,no,no19,200,200,1,0,0.000000,C:\Users\ritvi\Desktop\brain\data\outputs\segmented\no\no19_segmented.png,C:\Users\ritvi\Desktop\brain\data\outputs\masks\no\no19_mask.png,C:\Users\ritvi\Desktop\brain\data\outputs\clusters\no\no19_clusters.png,C:\Users\ritvi\Desktop\brain\data\outputs\histograms\no\no19_histogram.jpg
C:\Users\ritvi\Desktop\brain\data\raw\no\20 no.jpg,no,no20,194,259,1,0,0.000000,C:\Users\ritvi\Desktop\brain\data\outputs\segmented\no\no20_segmented.png,C:\Users\ritvi\Desktop\brain\data\outputs\masks\no\no20_mask.png,C:\Users\ritvi\Desktop\brain\data\outputs\clusters\no\no20_clusters.png,C:\Users\ritvi\Desktop\brain\data\outputs\histograms\no\no20_histogram.jpg
C:\Users\ritvi\Desktop\brain\data\raw\no\21 no.jpg,no,no21,225,225,3,0,0.000000,C:\Users\ritvi\Desktop\brain\data\outputs\segmented\no\no21_segmented.png,C:\Users\ritvi\Desktop\brain\data\outputs\masks\no\no21_mask.png,C:\Users\ritvi\Desktop\brain\data\outputs\clusters\no\no21_clusters.png,C:\Users\ritvi\Desktop\brain\data\outputs\histograms\no\no21_histogram.jpg
C:\Users\ritvi\Desktop\brain\data\raw\no\22 no.jpg,no,no22,207,243,1,0,0.000000,C:\Users\ritvi\Desktop\brain\data\outputs\segmented\no\no22_segmented.png,C:\Users\ritvi\Desktop\brain\data\outputs\masks\no\no22_mask.png,C:\Users\ritvi\Desktop\brain\data\outputs\clusters\no\no22_clusters.png,C:\Users\ritvi\Desktop\brain\data\outputs\histograms\no\no22_histogram.jpg
C:\Users\ritvi\Desktop\brain\data\raw\no\23 no.jpg,no,no23,208,242,3,0,0.000000,C:\Users\ritvi\Desktop\brain\data\outputs\segmented\no\no23_segmented.png,C:\Users\ritvi\Desktop\brain\data\outputs\masks\no\no23_mask.png,C:\Users\ritvi\Desktop\brain\data\outputs\clusters\no\no23_clusters.png,C:\Users\ritvi\Desktop\brain\data\outputs\histograms\no\no23_histogram.jpg
C:\Users\ritvi\Desktop\brain\data\raw\no\24 no.jpg,no,no24,235,214,2,0,0.000000,C:\Users\ritvi\Desktop\brain\data\outputs\segmented\no\no24_segmented.png,C:\Users\ritvi\Desktop\brain\data\outputs\masks\no\no24_mask.png,C:\Users\ritvi\Desktop\brain\data\outputs\clusters\no\no24_clusters.png,C:\Users\ritvi\Desktop\brain\data\outputs\histograms\no\no24_histogram.jpg
C:\Users\ritvi\Desktop\brain\data\raw\no\25 no.jpg,no,no25,232,217,1,0,0.000000,C:\Users\ritvi\Desktop\brain\data\outputs\segmented\no\no25_segmented.png,C:\Users\ritvi\Desktop\brain\data\outputs\masks\no\no25_mask.png,C:\Users\ritvi\Desktop\brain\data\outputs\clusters\no\no25_clusters.png,C:\Users\ritvi\Desktop\brain\data\outputs\histograms\no\no25_histogram.jpg
C:\Users\ritvi\Desktop\brain\data\raw\no\26 no.jpg,no,no26,200,252,3,0,0.000000,C:\Users\ritvi\Desktop\brain\data\outputs\segmented\no\no26_segmented.png,C:\Users\ritvi\Desktop\brain\data\outputs\masks\no\no26_mask.png,C:\Users\ritvi\Desktop\brain\data\outputs\clusters\no\no26_clusters.png,C:\Users\ritvi\Desktop\brain\data\outputs\histograms\no\no26_histogram.jpg
C:\Users\ritvi\Desktop\brain\data\raw\no\27 no.jpg,no,no27,218,231,2,0,0.000000,C:\Users\ritvi\Desktop\brain\data\outputs\segmented\no\no27_segmented.png,C:\Users\ritvi\Desktop\brain\data\outputs\masks\no\no27_mask.png,C:\Users\ritvi\Desktop\brain\data\outputs\clusters\no\no27_clusters.png,C:\Users\ritvi\Desktop\brain\data\outputs\histograms\no\no27_histogram.jpg
C:\Users\ritvi\Desktop\brain\data\raw\no\28 no.jpg,no,no28,201,251,3,0,0.000000,C:\Users\ritvi\Desktop\brain\data\outputs\segmented\no\no28_segmented.png,C:\Users\ritvi\Desktop\brain\data\outputs\masks\no\no28_mask.png,C:\Users\ritvi\Desktop\brain\data\outputs\clusters\no\no28_clusters.png,C:\Users\ritvi\Desktop\brain\data\outputs\histograms\no\no28_histogram.jpg
C:\Users\ritvi\Desktop\brain\data\raw\no\29 no.jpg,no,no29,215,234,2,0,0.000000,C:\Users\ritvi\Desktop\brain\data\outputs\segmented\no\no29_segmented.png,C:\Users\ritvi\Desktop\brain\data\outputs\masks\no\no29_mask.png,C:\Users\ritvi\Desktop\brain\data\outputs\clusters\no\no29_clusters.png,C:\Users\ritvi\Desktop\brain\data\outputs\histograms\no\no29_histogram.jpg
C:\Users\ritvi\Desktop\brain\data\raw\no\30 no.jpg,no,no30,208,242,4,0,0.000000,C:\Users\ritvi\Desktop\brain\data\outputs\segmented\no\no30_segmented.png,C:\Users\ritvi\Desktop\brain\data\outputs\masks\no\no30_mask.png,C:\Users\ritvi\Desktop\brain\data\outputs\clusters\no\no30_clusters.png,C:\Users\ritvi\Desktop\brain\data\outputs\histograms\no\no30_histogram.jpg
C:\Users\ritvi\Desktop\brain\data\raw\no\31 no.jpg,no,no31,200,252,2,0,0.000000,C:\Users\ritvi\Desktop\brain\data\outputs\segmented\no\no31_segmented.png,C:\Users\ritvi\Desktop\brain\data\outputs\masks\no\no31_mask.png,C:\Users\ritvi\Desktop\brain\data\outputs\clusters\no\no31_clusters.png,C:\Users\ritvi\Desktop\brain\data\outputs\histograms\no\no31_histogram.jpg
C:\Users\ritvi\Desktop\brain\data\raw\no\32 no.jpg,no,no32,225,225,1,0,0.000000,C:\Users\ritvi\Desktop\brain\data\outputs\segmented\no\no32_segmented.png,C:\Users\ritvi\Desktop\brain\data\outputs\masks\no\no32_mask.png,C:\Users\ritvi\Desktop\brain\data\outputs\clusters\no\no32_clusters.png,C:\Users\ritvi\Desktop\brain\data\outputs\histograms\no\no32_histogram.jpg
C:\Users\ritvi\Desktop\brain\data\raw\no\33 no.jpg,no,no33,236,213,2,0,0.000000,C:\Users\ritvi\Desktop\brain\data\outputs\segmented\no\no33_segmented.png,C:\Users\ritvi\Desktop\brain\data\outputs\masks\no\no33_mask.png,C:\Users\ritvi\Desktop\brain\data\outputs\clusters\no\no33_clusters.png,C:\Users\ritvi\Desktop\brain\data\outputs\histograms\no\no33_histogram.jpg
C:\Users\ritvi\Desktop\brain\data\raw\no\34 no.jpg,no,no34,150,198,2,0,0.000000,C:\Users\ritvi\Desktop\brain\data\outputs\segmented\no\no34_segmented.png,C:\Users\ritvi\Desktop\brain\data\outputs\masks\no\no34_mask.png,C:\Users\ritvi\Desktop\brain\data\outputs\clusters\no\no34_clusters.png,C:\Users\ritvi\Desktop\brain\data\outputs\histograms\no\no34_histogram.jpg
C:\Users\ritvi\Desktop\brain\data\raw\no\35 no.jpg,no,no35,225,225,1,0,0.000000,C:\Users\ritvi\Desktop\brain\data\outputs\segmented\no\no35_segmented.png,C:\Users\ritvi\Desktop\brain\data\outputs\masks\no\no35_mask.png,C:\Users\ritvi\Desktop\brain\data\outputs\clusters\no\no35_clusters.png,C:\Users\ritvi\Desktop\brain\data\outputs\histograms\no\no35_histogram.jpg
C:\Users\ritvi\Desktop\brain\data\raw\no\36 no.jpg,no,no36,228,221,2,0,0.000000,C:\Users\ritvi\Desktop\brain\data\outputs\segmented\no\no36_segmented.png,C:\Users\ritvi\Desktop\brain\data\outputs\masks\no\no36_mask.png,C:\Users\ritvi\Desktop\brain\data\outputs\clusters\no\no36_clusters.png,C:\Users\ritvi\Desktop\brain\data\outputs\histograms\no\no36_histogram.jpg
C:\Users\ritvi\Desktop\brain\data\raw\no\37 no.jpg,no,no37,225,225,1,0,0.000000,C:\Users\ritvi\Desktop\brain\data\outputs\segmented\no\no37_segmented.png,C:\Users\ritvi\Desktop\brain\data\outputs\masks\no\no37_mask.png,C:\Users\ritvi\Desktop\brain\data\outputs\clusters\no\no37_clusters.png,C:\Users\ritvi\Desktop\brain\data\outputs\histograms\no\no37_histogram.jpg
C:\Users\ritvi\Desktop\brain\data\raw\no\38 no.jpg,no,no38,201,251,2,0,0.000000,C:\Users\ritvi\Desktop\brain\data\outputs\segmented\no\no38_segmented.png,C:\Users\ritvi\Desktop\brain\data\outputs\masks\no\no38_mask.png,C:\Users\ritvi\Desktop\brain\data\outputs\clusters\no\no38_clusters.png,C:\Users\ritvi\Desktop\brain\data\outputs\histograms\no\no38_histogram.jpg
C:\Users\ritvi\Desktop\brain\data\raw\no\39 no.jpg,no,no39,225,225,3,0,0.000000,C:\Users\ritvi\Desktop\brain\data\outputs\segmented\no\no39_segmented.png,C:\Users\ritvi\Desktop\brain\data\outputs\masks\no\no39_mask.png,C:\Users\ritvi\Desktop\brain\data\outputs\clusters\no\no39_clusters.png,C:\Users\ritvi\Desktop\brain\data\outputs\histograms\no\no39_histogram.jpg
C:\Users\ritvi\Desktop\brain\data\raw\no\40 no.jpg,no,no40,225,225,1,0,0.000000,C:\Users\ritvi\Desktop\brain\data\outputs\segmented\no\no40_segmented.png,C:\Users\ritvi\Desktop\brain\data\outputs\masks\no\no40_mask.png,C:\Users\ritvi\Desktop\brain\data\outputs\clusters\no\no40_clusters.png,C:\Users\ritvi\Desktop\brain\data\outputs\histograms\no\no40_histogram.jpg
C:\Users\ritvi\Desktop\brain\data\raw\no\41 no.jpg,no,no41,225,225,1,0,0.000000,C:\Users\ritvi\Desktop\brain\data\outputs\segmented\no\no41_segmented.png,C:\Users\ritvi\Desktop\brain\data\outputs\masks\no\no41_mask.png,C:\Users\ritvi\Desktop\brain\data\outputs\clusters\no\no41_clusters.png,C:\Users\ritvi\Desktop\brain\data\outputs\histograms\no\no41_histogram.jpg
C:\Users\ritvi\Desktop\brain\data\raw\no\42 no.jpg,no,no42,300,168,1,0,0.000000,C:\Users\ritvi\Desktop\brain\data\outputs\segmented\no\no42_segmented.png,C:\Users\ritvi\Desktop\brain\data\outputs\masks\no\no42_mask.png,C:\Users\ritvi\Desktop\brain\data\outputs\clusters\no\no42_clusters.png,C:\Users\ritvi\Desktop\brain\data\outputs\histograms\no\no42_histogram.jpg
C:\Users\ritvi\Desktop\brain\data\raw\no\43 no.jpg,no,no43,259,194,1,0,0.000000,C:\Users\ritvi\Desktop\brain\data\outputs\segmented\no\no43_segmented.png,C:\Users\ritvi\Desktop\brain\data\outputs\masks\no\no43_mask.png,C:\Users\ritvi\Desktop\brain\data\outputs\clusters\no\no43_clusters.png,C:\Users\ritvi\Desktop\brain\data\outputs\histograms\no\no43_histogram.jpg
C:\Users\ritvi\Desktop\brain\data\raw\no\44no.jpg,no,no44,441,442,2,0,0.000000,C:\Users\ritvi\Desktop\brain\data\outputs\segmented\no\no44_segmented.png,C:\Users\ritvi\Desktop\brain\data\outputs\masks\no\no44_mask.png,C:\Users\ritvi\Desktop\brain\data\outputs\clusters\no\no44_clusters.png,C:\Users\ritvi\Desktop\brain\data\outputs\histograms\no\no44_histogram.jpg
C:\Users\ritvi\Desktop\brain\data\raw\no\45 no.jpg,no,no45,356,474,1,0,0.000000,C:\Users\ritvi\Desktop\brain\data\outputs\segmented\no\no45_segmented.png,C:\Users\ritvi\Desktop\brain\data\outputs\masks\no\no45_mask.png,C:\Users\ritvi\Desktop\brain\data\outputs\clusters\no\no45_clusters.png,C:\Users\ritvi\Desktop\brain\data\outputs\histograms\no\no45_histogram.jpg
C:\Users\ritvi\Desktop\brain\data\raw\no\46 no.jpg,no,no46,380,530,1,0,0.000000,C:\Users\ritvi\Desktop\brain\data\outputs\segmented\no\no46_segmented.png,C:\Users\ritvi\Desktop\brain\data\outputs\masks\no\no46_mask.png,C:\Users\ritvi\Desktop\brain\data\outputs\clusters\no\no46_clusters.png,C:\Users\ritvi\Desktop\brain\data\outputs\histograms\no\no46_histogram.jpg
C:\Users\ritvi\Desktop\brain\data\raw\no\47 no.jpg,no,no47,225,225,2,0,0.000000,C:\Users\ritvi\Desktop\brain\data\outputs\segmented\no\no47_segmented.png,C:\Users\ritvi\Desktop\brain\data\outputs\masks\no\no47_mask.png,C:\Users\ritvi\Desktop\brain\data\outputs\clusters\no\no47_clusters.png,C:\Users\ritvi\Desktop\brain\data\outputs\histograms\no\no47_histogram.jpg
C:\Users\ritvi\Desktop\brain\data\raw\no\48 no.jpeg,no,no48,630,630,2,0,0.000000,C:\Users\ritvi\Desktop\brain\data\outputs\segmented\no\no48_segmented.png,C:\Users\ritvi\Desktop\brain\data\outputs\masks\no\no48_mask.png,C:\Users\ritvi\Desktop\brain\data\outputs\clusters\no\no48_clusters.png,C:\Users\ritvi\Desktop\brain\data\outputs\histograms\no\no48_histogram.jpg
C:\Users\ritvi\Desktop\brain\data\raw\no\49 no.jpg,no,no49,225,225,2,0,0.000000,C:\Users\ritvi\Desktop\brain\data\outputs\segmented\no\no49_segmented.png,C:\Users\ritvi\Desktop\brain\data\outputs\masks\no\no49_mask.png,C:\Users\ritvi\Desktop\brain\data\outputs\clusters\no\no49_clusters.png,C:\Users\ritvi\Desktop\brain\data\outputs\histograms\no\no49_histogram.jpg
C:\Users\ritvi\Desktop\brain\data\raw\no\50 no.jpg,no,no50,227,222,2,0,0.000000,C:\Users\ritvi\Desktop\brain\data\outputs\segmented\no\no50_segmented.png,C:\Users\ritvi\Desktop\brain\data\outputs\masks\no\no50_mask.png,C:\Users\ritvi\Desktop\brain\data\outputs\clusters\no\no50_clusters.png,C:\Users\ritvi\Desktop\brain\data\outputs\histograms\no\no50_histogram.jpg
C:\Users\ritvi\Desktop\brain\data\raw\no\N1.JPG,no,no1_2,276,338,3,0,0.000000,C:\Users\ritvi\Desktop\brain\data\outputs\segmented\no\no1_2_segmented.png,C:\Users\ritvi\Desktop\brain\data\outputs\masks\no\no1_2_mask.png,C:\Users\ritvi\Desktop\brain\data\outputs\clusters\no\no1_2_clusters.png,C:\Users\ritvi\Desktop\brain\data\outputs\histograms\no\no1_2_histogram.jpg
C:\Users\ritvi\Desktop\brain\data\raw\no\N2.JPG,no,no2_2,208,248,2,0,0.000000,C:\Users\ritvi\Desktop\brain\data\outputs\segmented\no\no2_2_segmented.png,C:\Users\ritvi\Desktop\brain\data\outputs\masks\no\no2_2_mask.png,C:\Users\ritvi\Desktop\brain\data\outputs\clusters\no\no2_2_clusters.png,C:\Users\ritvi\Desktop\brain\data\outputs\histograms\no\no2_2_histogram.jpg
C:\Users\ritvi\Desktop\brain\data\raw\no\N3.jpg,no,no3_2,220,275,2,0,0.000000,C:\Users\ritvi\Desktop\brain\data\outputs\segmented\no\no3_2_segmented.png,C:\Users\ritvi\Desktop\brain\data\outputs\masks\no\no3_2_mask.png,C:\Users\ritvi\Desktop\brain\data\outputs\clusters\no\no3_2_clusters.png,C:\Users\ritvi\Desktop\brain\data\outputs\histograms\no\no3_2_histogram.jpg
C:\Users\ritvi\Desktop\brain\data\raw\no\N5.jpg,no,no5_2,201,250,2,0,0.000000,C:\Users\ritvi\Desktop\brain\data\outputs\segmented\no\no5_2_segmented.png,C:\Users\ritvi\Desktop\brain\data\outputs\masks\no\no5_2_mask.png,C:\Users\ritvi\Desktop\brain\data\outputs\clusters\no\no5_2_clusters.png,C:\Users\ritvi\Desktop\brain\data\outputs\histograms\no\no5_2_histogram.jpg
C:\Users\ritvi\Desktop\brain\data\raw\no\N6.jpg,no,no6_2,196,257,2,0,0.000000,C:\Users\ritvi\Desktop\brain\data\outputs\segmented\no\no6_2_segmented.png,C:\Users\ritvi\Desktop\brain\data\outputs\masks\no\no6_2_mask.png,C:\Users\ritvi\Desktop\brain\data\outputs\clusters\no\no6_2_clusters.png,C:\Users\ritvi\Desktop\brain\data\outputs\histograms\no\no6_2_histogram.jpg
C:\Users\ritvi\Desktop\brain\data\raw\no\N11.jpg,no,no11_2,630,614,2,0,0.000000,C:\Users\ritvi\Desktop\brain\data\outputs\segmented\no\no11_2_segmented.png,C:\Users\ritvi\Desktop\brain\data\outputs\masks\no\no11_2_mask.png,C:\Users\ritvi\Desktop\brain\data\outputs\clusters\no\no11_2_clusters.png,C:\Users\ritvi\Desktop\brain\data\outputs\histograms\no\no11_2_histogram.jpg
C:\Users\ritvi\Desktop\brain\data\raw\no\N15.jpg,no,no15_2,225,225,3,0,0.000000,C:\Users\ritvi\Desktop\brain\data\outputs\segmented\no\no15_2_segmented.png,C:\Users\ritvi\Desktop\brain\data\outputs\masks\no\no15_2_mask.png,C:\Users\ritvi\Desktop\brain\data\outputs\clusters\no\no15_2_clusters.png,C:\Users\ritvi\Desktop\brain\data\outputs\histograms\no\no15_2_histogram.jpg
C:\Users\ritvi\Desktop\brain\data\raw\no\N16.jpg,no,no16,212,238,3,0,0.000000,C:\Users\ritvi\Desktop\brain\data\outputs\segmented\no\no16_segmented.png,C:\Users\ritvi\Desktop\brain\data\outputs\masks\no\no16_mask.png,C:\Users\ritvi\Desktop\brain\data\outputs\clusters\no\no16_clusters.png,C:\Users\ritvi\Desktop\brain\data\outputs\histograms\no\no16_histogram.jpg
C:\Users\ritvi\Desktop\brain\data\raw\no\N17.jpg,no,no17_2,350,393,3,0,0.000000,C:\Users\ritvi\Desktop\brain\data\outputs\segmented\no\no17_2_segmented.png,C:\Users\ritvi\Desktop\brain\data\outputs\masks\no\no17_2_mask.png,C:\Users\ritvi\Desktop\brain\data\outputs\clusters\no\no17_2_clusters.png,C:\Users\ritvi\Desktop\brain\data\outputs\histograms\no\no17_2_histogram.jpg
C:\Users\ritvi\Desktop\brain\data\raw\no\N19.JPG,no,no19_2,230,282,2,0,0.000000,C:\Users\ritvi\Desktop\brain\data\outputs\segmented\no\no19_2_segmented.png,C:\Users\ritvi\Desktop\brain\data\outputs\masks\no\no19_2_mask.png,C:\Users\ritvi\Desktop\brain\data\outputs\clusters\no\no19_2_clusters.png,C:\Users\ritvi\Desktop\brain\data\outputs\histograms\no\no19_2_histogram.jpg
C:\Users\ritvi\Desktop\brain\data\raw\no\N20.JPG,no,no20_2,227,262,3,0,0.000000,C:\Users\ritvi\Desktop\brain\data\outputs\segmented\no\no20_2_segmented.png,C:\Users\ritvi\Desktop\brain\data\outputs\masks\no\no20_2_mask.png,C:\Users\ritvi\Desktop\brain\data\outputs\clusters\no\no20_2_clusters.png,C:\Users\ritvi\Desktop\brain\data\outputs\histograms\no\no20_2_histogram.jpg
C:\Users\ritvi\Desktop\brain\data\raw\no\N21.jpg,no,no21_2,1024,1024,2,0,0.000000,C:\Users\ritvi\Desktop\brain\data\outputs\segmented\no\no21_2_segmented.png,C:\Users\ritvi\Desktop\brain\data\outputs\masks\no\no21_2_mask.png,C:\Users\ritvi\Desktop\brain\data\outputs\clusters\no\no21_2_clusters.png,C:\Users\ritvi\Desktop\brain\data\outputs\histograms\no\no21_2_histogram.jpg
C:\Users\ritvi\Desktop\brain\data\raw\no\N22.JPG,no,no22_2,276,326,2,0,0.000000,C:\Users\ritvi\Desktop\brain\data\outputs\segmented\no\no22_2_segmented.png,C:\Users\ritvi\Desktop\brain\data\outputs\masks\no\no22_2_mask.png,C:\Users\ritvi\Desktop\brain\data\outputs\clusters\no\no22_2_clusters.png,C:\Users\ritvi\Desktop\brain\data\outputs\histograms\no\no22_2_histogram.jpg
C:\Users\ritvi\Desktop\brain\data\raw\no\N26.JPG,no,no26_2,210,264,2,0,0.000000,C:\Users\ritvi\Desktop\brain\data\outputs\segmented\no\no26_2_segmented.png,C:\Users\ritvi\Desktop\brain\data\outputs\masks\no\no26_2_mask.png,C:\Users\ritvi\Desktop\brain\data\outputs\clusters\no\no26_2_clusters.png,C:\Users\ritvi\Desktop\brain\data\outputs\histograms\no\no26_2_histogram.jpg
C:\Users\ritvi\Desktop\brain\data\raw\no\No11.jpg,no,no11_3,630,630,3,0,0.000000,C:\Users\ritvi\Desktop\brain\data\outputs\segmented\no\no11_3_segmented.png,C:\Users\ritvi\Desktop\brain\data\outputs\masks\no\no11_3_mask.png,C:\Users\ritvi\Desktop\brain\data\outputs\clusters\no\no11_3_clusters.png,C:\Users\ritvi\Desktop\brain\data\outputs\histograms\no\no11_3_histogram.jpg
C:\Users\ritvi\Desktop\brain\data\raw\no\No12.jpg,no,no12_2,472,537,2,0,0.000000,C:\Users\ritvi\Desktop\brain\data\outputs\segmented\no\no12_2_segmented.png,C:\Users\ritvi\Desktop\brain\data\outputs\masks\no\no12_2_mask.png,C:\Users\ritvi\Desktop\brain\data\outputs\clusters\no\no12_2_clusters.png,C:\Users\ritvi\Desktop\brain\data\outputs\histograms\no\no12_2_histogram.jpg
C:\Users\ritvi\Desktop\brain\data\raw\no\No13.jpg,no,no13_2,442,442,3,0,0.000000,C:\Users\ritvi\Desktop\brain\data\outputs\segmented\no\no13_2_segmented.png,C:\Users\ritvi\Desktop\brain\data\outputs\masks\no\no13_2_mask.png,C:\Users\ritvi\Desktop\brain\data\outputs\clusters\no\no13_2_clusters.png,C:\Users\ritvi\Desktop\brain\data\outputs\histograms\no\no13_2_histogram.jpg
C:\Users\ritvi\Desktop\brain\data\raw\no\No14.jpg,no,no14_2,339,340,2,0,0.000000,C:\Users\ritvi\Desktop\brain\data\outputs\segmented\no\no14_2_segmented.png,C:\Users\ritvi\Desktop\brain\data\outputs\masks\no\no14_2_mask.png,C:\Users\ritvi\Desktop\brain\data\outputs\clusters\no\no14_2_clusters.png,C:\Users\ritvi\Desktop\brain\data\outputs\histograms\no\no14_2_histogram.jpg
C:\Users\ritvi\Desktop\brain\data\raw\no\No15.jpg,no,no15_3,393,400,4,0,0.000000,C:\Users\ritvi\Desktop\brain\data\outputs\segmented\no\no15_3_segmented.png,C:\Users\ritvi\Desktop\brain\data\outputs\masks\no\no15_3_mask.png,C:\Users\ritvi\Desktop\brain\data\outputs\clusters\no\no15_3_clusters.png,C:\Users\ritvi\Desktop\brain\data\outputs\histograms\no\no15_3_histogram.jpg
C:\Users\ritvi\Desktop\brain\data\raw\no\No16.jpg,no,no16_2,300,200,2,0,0.000000,C:\Users\ritvi\Desktop\brain\data\outputs\segmented\no\no16_2_segmented.png,C:\Users\ritvi\Desktop\brain\data\outputs\masks\no\no16_2_mask.png,C:\Users\ritvi\Desktop\brain\data\outputs\clusters\no\no16_2_clusters.png,C:\Users\ritvi\Desktop\brain\data\outputs\histograms\no\no16_2_histogram.jpg
C:\Users\ritvi\Desktop\brain\data\raw\no\No17.jpg,no,no17_3,393,400,4,0,0.000000,C:\Users\ritvi\Desktop\brain\data\outputs\segmented\no\no17_3_segmented.png,C:\Users\ritvi\Desktop\brain\data\outputs\masks\no\no17_3_mask.png,C:\Users\ritvi\Desktop\brain\data\outputs\clusters\no\no17_3_clusters.png,C:\Users\ritvi\Desktop\brain\data\outputs\histograms\no\no17_3_histogram.jpg
C:\Users\ritvi\Desktop\brain\data\raw\no\No18.jpg,no,no18_2,442,454,2,0,0.000000,C:\Users\ritvi\Desktop\brain\data\outputs\segmented\no\no18_2_segmented.png,C:\Users\ritvi\Desktop\brain\data\outputs\masks\no\no18_2_mask.png,C:\Users\ritvi\Desktop\brain\data\outputs\clusters\no\no18_2_clusters.png,C:\Users\ritvi\Desktop\brain\data\outputs\histograms\no\no18_2_histogram.jpg
C:\Users\ritvi\Desktop\brain\data\raw\no\No19.jpg,no,no19_3,680,680,2,0,0.000000,C:\Users\ritvi\Desktop\brain\data\outputs\segmented\no\no19_3_segmented.png,C:\Users\ritvi\Desktop\brain\data\outputs\masks\no\no19_3_mask.png,C:\Users\ritvi\Desktop\brain\data\outputs\clusters\no\no19_3_clusters.png,C:\Users\ritvi\Desktop\brain\data\outputs\histograms\no\no19_3_histogram.jpg
C:\Users\ritvi\Desktop\brain\data\raw\no\No20.jpg,no,no20_3,468,444,2,0,0.000000,C:\Users\ritvi\Desktop\brain\data\outputs\segmented\no\no20_3_segmented.png,C:\Users\ritvi\Desktop\brain\data\outputs\masks\no\no20_3_mask.png,C:\Users\ritvi\Desktop\brain\data\outputs\clusters\no\no20_3_clusters.png,C:\Users\ritvi\Desktop\brain\data\outputs\histograms\no\no20_3_histogram.jpg
C:\Users\ritvi\Desktop\brain\data\raw\no\No21.jpg,no,no21_3,442,442,3,0,0.000000,C:\Users\ritvi\Desktop\brain\data\outputs\segmented\no\no21_3_segmented.png,C:\Users\ritvi\Desktop\brain\data\outputs\masks\no\no21_3_mask.png,C:\Users\ritvi\Desktop\brain\data\outputs\clusters\no\no21_3_clusters.png,C:\Users\ritvi\Desktop\brain\data\outputs\histograms\no\no21_3_histogram.jpg
C:\Users\ritvi\Desktop\brain\data\raw\no\No22.jpg,no,no22_3,359,449,2,0,0.000000,C:\Users\ritvi\Desktop\brain\data\outputs\segmented\no\no22_3_segmented.png,C:\Users\ritvi\Desktop\brain\data\outputs\masks\no\no22_3_mask.png,C:\Users\ritvi\Desktop\brain\data\outputs\clusters\no\no22_3_clusters.png,C:\Users\ritvi\Desktop\brain\data\outputs\histograms\no\no22_3_histogram.jpg
C:\Users\ritvi\Desktop\brain\data\raw\no\no 1.jpg,no,no1_3,225,225,2,0,0.000000,C:\Users\ritvi\Desktop\brain\data\outputs\segmented\no\no1_3_segmented.png,C:\Users\ritvi\Desktop\brain\data\outputs\masks\no\no1_3_mask.png,C:\Users\ritvi\Desktop\brain\data\outputs\clusters\no\no1_3_clusters.png,C:\Users\ritvi\Desktop\brain\data\outputs\histograms\no\no1_3_histogram.jpg
C:\Users\ritvi\Desktop\brain\data\raw\no\no 2.jpg,no,no2_3,232,217,1,0,0.000000,C:\Users\ritvi\Desktop\brain\data\outputs\segmented\no\no2_3_segmented.png,C:\Users\ritvi\Desktop\brain\data\outputs\masks\no\no2_3_mask.png,C:\Users\ritvi\Desktop\brain\data\outputs\clusters\no\no2_3_clusters.png,C:\Users\ritvi\Desktop\brain\data\outputs\histograms\no\no2_3_histogram.jpg
C:\Users\ritvi\Desktop\brain\data\raw\no\no 3.jpg,no,no3_3,225,225,2,0,0.000000,C:\Users\ritvi\Desktop\brain\data\outputs\segmented\no\no3_3_segmented.png,C:\Users\ritvi\Desktop\brain\data\outputs\masks\no\no3_3_mask.png,C:\Users\ritvi\Desktop\brain\data\outputs\clusters\no\no3_3_clusters.png,C:\Users\ritvi\Desktop\brain\data\outputs\histograms\no\no3_3_histogram.jpg
C:\Users\ritvi\Desktop\brain\data\raw\no\no 4.jpg,no,no4_2,220,275,2,0,0.000000,C:\Users\ritvi\Desktop\brain\data\outputs\segmented\no\no4_2_segmented.png,C:\Users\ritvi\Desktop\brain\data\outputs\masks\no\no4_2_mask.png,C:\Users\ritvi\Desktop\brain\data\outputs\clusters\no\no4_2_clusters.png,C:\Users\ritvi\Desktop\brain\data\outputs\histograms\no\no4_2_histogram.jpg
C:\Users\ritvi\Desktop\brain\data\raw\no\no 5.jpeg,no,no5_3,442,442,2,0,0.000000,C:\Users\ritvi\Desktop\brain\data\outputs\segmented\no\no5_3_segmented.png,C:\Users\ritvi\Desktop\brain\data\outputs\masks\no\no5_3_mask.png,C:\Users\ritvi\Desktop\brain\data\outputs\clusters\no\no5_3_clusters.png,C:\Users\ritvi\Desktop\brain\data\outputs\histograms\no\no5_3_histogram.jpg
C:\Users\ritvi\Desktop\brain\data\raw\no\no 6.jpg,no,no6_3,214,236,4,0,0.000000,C:\Users\ritvi\Desktop\brain\data\outputs\segmented\no\no6_3_segmented.png,C:\Users\ritvi\Desktop\brain\data\outputs\masks\no\no6_3_mask.png,C:\Users\ritvi\Desktop\brain\data\outputs\clusters\no\no6_3_clusters.png,C:\Users\ritvi\Desktop\brain\data\outputs\histograms\no\no6_3_histogram.jpg
C:\Users\ritvi\Desktop\brain\data\raw\no\no 7.jpeg,no,no7_2,630,630,3,0,0.000000,C:\Users\ritvi\Desktop\brain\data\outputs\segmented\no\no7_2_segmented.png,C:\Users\ritvi\Desktop\brain\data\outputs\masks\no\no7_2_mask.png,C:\Users\ritvi\Desktop\brain\data\outputs\clusters\no\no7_2_clusters.png,C:\Users\ritvi\Desktop\brain\data\outputs\histograms\no\no7_2_histogram.jpg
C:\Users\ritvi\Desktop\brain\data\raw\no\no 8.jpg,no,no8_2,642,361,1,0,0.000000,C:\Users\ritvi\Desktop\brain\data\outputs\segmented\no\no8_2_segmented.png,C:\Users\ritvi\Desktop\brain\data\outputs\masks\no\no8_2_mask.png,C:\Users\ritvi\Desktop\brain\data\outputs\clusters\no\no8_2_clusters.png,C:\Users\ritvi\Desktop\brain\data\outputs\histograms\no\no8_2_histogram.jpg
C:\Users\ritvi\Desktop\brain\data\raw\no\no 9.png,no,no9_2,1920,1080,2,0,0.000000,C:\Users\ritvi\Desktop\brain\data\outputs\segmented\no\no9_2_segmented.png,C:\Users\ritvi\Desktop\brain\data\outputs\masks\no\no9_2_mask.png,C:\Users\ritvi\Desktop\brain\data\outputs\clusters\no\no9_2_clusters.png,C:\Users\ritvi\Desktop\brain\data\outputs\histograms\no\no9_2_histogram.jpg
C:\Users\ritvi\Desktop\brain\data\raw\no\no 10.jpg,no,no10_2,750,750,1,0,0.000000,C:\Users\ritvi\Desktop\brain\data\outputs\segmented\no\no10_2_segmented.png,C:\Users\ritvi\Desktop\brain\data\outputs\masks\no\no10_2_mask.png,C:\Users\ritvi\Desktop\brain\data\outputs\clusters\no\no10_2_clusters.png,C:\Users\ritvi\Desktop\brain\data\outputs\histograms\no\no10_2_histogram.jpg
C:\Users\ritvi\Desktop\brain\data\raw\no\no 89.jpg,no,no89,504,540,2,0,0.000000,C:\Users\ritvi\Desktop\brain\data\outputs\segmented\no\no89_segmented.png,C:\Users\ritvi\Desktop\brain\data\outputs\masks\no\no89_mask.png,C:\Users\ritvi\Desktop\brain\data\outputs\clusters\no\no89_clusters.png,C:\Users\ritvi\Desktop\brain\data\outputs\histograms\no\no89_histogram.jpg
C:\Users\ritvi\Desktop\brain\data\raw\no\no 90.jpg,no,no90,420,280,1,0,0.000000,C:\Users\ritvi\Desktop\brain\data\outputs\segmented\no\no90_segmented.png,C:\Users\ritvi\Desktop\brain\data\outputs\masks\no\no90_mask.png,C:\Users\ritvi\Desktop\brain\data\outputs\clusters\no\no90_clusters.png,C:\Users\ritvi\Desktop\brain\data\outputs\histograms\no\no90_histogram.jpg
C:\Users\ritvi\Desktop\brain\data\raw\no\no 91.jpeg,no,no91,400,442,2,0,0.000000,C:\Users\ritvi\Desktop\brain\data\outputs\segmented\no\no91_segmented.png,C:\Users\ritvi\Desktop\brain\data\outputs\masks\no\no91_mask.png,C:\Users\ritvi\Desktop\brain\data\outputs\clusters\no\no91_clusters.png,C:\Users\ritvi\Desktop\brain\data\outputs\histograms\no\no91_histogram.jpg
C:\Users\ritvi\Desktop\brain\data\raw\no\no 92.jpg,no,no92,206,244,3,0,0.000000,C:\Users\ritvi\Desktop\brain\data\outputs\segmented\no\no92_segmented.png,C:\Users\ritvi\Desktop\brain\data\outputs\masks\no\no92_mask.png,C:\Users\ritvi\Desktop\brain\data\outputs\clusters\no\no92_clusters.png,C:\Users\ritvi\Desktop\brain\data\outputs\histograms\no\no92_histogram.jpg
C:\Users\ritvi\Desktop\brain\data\raw\no\no 94.jpg,no,no94,630,630,1,0,0.000000,C:\Users\ritvi\Desktop\brain\data\outputs\segmented\no\no94_segmented.png,C:\Users\ritvi\Desktop\brain\data\outputs\masks\no\no94_mask.png,C:\Users\ritvi\Desktop\brain\data\outputs\clusters\no\no94_clusters.png,C:\Users\ritvi\Desktop\brain\data\outputs\histograms\no\no94_histogram.jpg
C:\Users\ritvi\Desktop\brain\data\raw\no\no 95.jpg,no,no95,275,301,2,0,0.000000,C:\Users\ritvi\Desktop\brain\data\outputs\segmented\no\no95_segmented.png,C:\Users\ritvi\Desktop\brain\data\outputs\masks\no\no95_mask.png,C:\Users\ritvi\Desktop\brain\data\outputs\clusters\no\no95_clusters.png,C:\Users\ritvi\Desktop\brain\data\outputs\histograms\no\no95_histogram.jpg
C:\Users\ritvi\Desktop\brain\data\raw\no\no 96.jpg,no,no96,550,664,2,0,0.000000,C:\Users\ritvi\Desktop\brain\data\outputs\segmented\no\no96_segmented.png,C:\Users\ritvi\Desktop\brain\data\outputs\masks\no\no96_mask.png,C:\Users\ritvi\Desktop\brain\data\outputs\clusters\no\no96_clusters.png,C:\Users\ritvi\Desktop\brain\data\outputs\histograms\no\no96_histogram.jpg
C:\Users\ritvi\Desktop\brain\data\raw\no\no 97.jpg,no,no97,442,442,3,0,0.000000,C:\Users\ritvi\Desktop\brain\data\outputs\segmented\no\no97_segmented.png,C:\Users\ritvi\Desktop\brain\data\outputs\masks\no\no97_mask.png,C:\Users\ritvi\Desktop\brain\data\outputs\clusters\no\no97_clusters.png,C:\Users\ritvi\Desktop\brain\data\outputs\histograms\no\no97_histogram.jpg
C:\Users\ritvi\Desktop\brain\data\raw\no\no 98.jpg,no,no98,728,725,1,0,0.000000,C:\Users\ritvi\Desktop\brain\data\outputs\segmented\no\no98_segmented.png,C:\Users\ritvi\Desktop\brain\data\outputs\masks\no\no98_mask.png,C:\Users\ritvi\Desktop\brain\data\outputs\clusters\no\no98_clusters.png,C:\Users\ritvi\Desktop\brain\data\outputs\histograms\no\no98_histogram.jpg
C:\Users\ritvi\Desktop\brain\data\raw\no\no 99.jpg,no,no99,409,442,2,0,0.000000,C:\Users\ritvi\Desktop\brain\data\outputs\segmented\no\no99_segmented.png,C:\Users\ritvi\Desktop\brain\data\outputs\masks\no\no99_mask.png,C:\Users\ritvi\Desktop\brain\data\outputs\clusters\no\no99_clusters.png,C:\Users\ritvi\Desktop\brain\data\outputs\histograms\no\no99_histogram.jpg
C:\Users\ritvi\Desktop\brain\data\raw\no\no 100.jpg,no,no100,225,225,2,0,0.000000,C:\Users\ritvi\Desktop\brain\data\outputs\segmented\no\no100_segmented.png,C:\Users\ritvi\Desktop\brain\data\outputs\masks\no\no100_mask.png,C:\Users\ritvi\Desktop\brain\data\outputs\clusters\no\no100_clusters.png,C:\Users\ritvi\Desktop\brain\data\outputs\histograms\no\no100_histogram.jpg
C:\Users\ritvi\Desktop\brain\data\raw\no\no 923.jpg,no,no923,225,225,3,0,0.000000,C:\Users\ritvi\Desktop\brain\data\outputs\segmented\no\no923_segmented.png,C:\Users\ritvi\Desktop\brain\data\outputs\masks\no\no923_mask.png,C:\Users\ritvi\Desktop\brain\data\outputs\clusters\no\no923_clusters.png,C:\Users\ritvi\Desktop\brain\data\outputs\histograms\no\no923_histogram.jpg
C:\Users\ritvi\Desktop\brain\data\raw\no\no.jpg,no,no,512,512,3,0,0.000000,C:\Users\ritvi\Desktop\brain\data\outputs\segmented\no\no_segmented.png,C:\Users\ritvi\Desktop\brain\data\outputs\masks\no\no_mask.png,C:\Users\ritvi\Desktop\brain\data\outputs\clusters\no\no_clusters.png,C:\Users\ritvi\Desktop\brain\data\outputs\histograms\no\no_histogram.jpg
C:\Users\ritvi\Desktop\brain\data\raw\yes\Y1.jpg,yes,yes1,180,218,2,640,0.030199,C:\Users\ritvi\Desktop\brain\data\outputs\segmented\yes\yes1_segmented.png,C:\Users\ritvi\Desktop\brain\data\outputs\masks\yes\yes1_mask.png,C:\Users\ritvi\Desktop\brain\data\outputs\clusters\yes\yes1_clusters.png,C:\Users\ritvi\Desktop\brain\data\outputs\histograms\yes\yes1_histogram.jpg
C:\Users\ritvi\Desktop\brain\data\raw\yes\Y2.jpg,yes,yes2,209,212,2,172,0.006303,C:\Users\ritvi\Desktop\brain\data\outputs\segmented\yes\yes2_segmented.png,C:\Users\ritvi\Desktop\brain\data\outputs\masks\yes\yes2_mask.png,C:\Users\ritvi\Desktop\brain\data\outputs\clusters\yes\yes2_clusters.png,C:\Users\ritvi\Desktop\brain\data\outputs\histograms\yes\yes2_histogram.jpg
C:\Users\ritvi\Desktop\brain\data\raw\yes\Y3.jpg,yes,yes3,456,519,2,3072,0.022703,C:\Users\ritvi\Desktop\brain\data\outputs\segmented\yes\yes3_segmented.png,C:\Users\ritvi\Desktop\brain\data\outputs\masks\yes\yes3_mask.png,C:\Users\ritvi\Desktop\brain\data\outputs\clusters\yes\yes3_clusters.png,C:\Users\ritvi\Desktop\brain\data\outputs\histograms\yes\yes3_histogram.jpg
C:\Users\ritvi\Desktop\brain\data\raw\yes\Y4.jpg,yes,yes4,225,225,2,716,0.027466,C:\Users\ritvi\Desktop\brain\data\outputs\segmented\yes\yes4_segmented.png,C:\Users\ritvi\Desktop\brain\data\outputs\masks\yes\yes4_mask.png,C:\Users\ritvi\Desktop\brain\data\outputs\clusters\yes\yes4_clusters.png,C:\Users\ritvi\Desktop\brain\data\outputs\histograms\yes\yes4_histogram.jpg
C:\Users\ritvi\Desktop\brain\data\raw\yes\Y6.jpg,yes,yes6,911,938,2,17446,0.034088,C:\Users\ritvi\Desktop\brain\data\outputs\segmented\yes\yes6_segmented.png,C:\Users\ritvi\Desktop\brain\data\outputs\masks\yes\yes6_mask.png,C:\Users\ritvi\Desktop\brain\data\outputs\clusters\yes\yes6_clusters.png,C:\Users\ritvi\Desktop\brain\data\outputs\histograms\yes\yes6_histogram.jpg
C:\Users\ritvi\Desktop\brain\data\raw\yes\Y7.jpg,yes,yes7,374,456,2,3841,0.030968,C:\Users\ritvi\Desktop\brain\data\outputs\segmented\yes\yes7_segmented.png,C:\Users\ritvi\Desktop\brain\data\outputs\masks\yes\yes7_mask.png,C:\Users\ritvi\Desktop\brain\data\outputs\clusters\yes\yes7_clusters.png,C:\Users\ritvi\Desktop\brain\data\outputs\histograms\yes\yes7_histogram.jpg
C:\Users\ritvi\Desktop\brain\data\raw\yes\Y8.jpg,yes,yes8,450,446,2,2537,0.040306,C:\Users\ritvi\Desktop\brain\data\outputs\segmented\yes\yes8_segmented.png,C:\Users\ritvi\Desktop\brain\data\outputs\masks\yes\yes8_mask.png,C:\Users\ritvi\Desktop\brain\data\outputs\clusters\yes\yes8_clusters.png,C:\Users\ritvi\Desktop\brain\data\outputs\histograms\yes\yes8_histogram.jpg
C:\Users\ritvi\Desktop\brain\data\raw\yes\Y9.jpg,yes,yes9,630,630,2,5028,0.034974,C:\Users\ritvi\Desktop\brain\data\outputs\segmented\yes\yes9_segmented.png,C:\Users\ritvi\Desktop\brain\data\outputs\masks\yes\yes9_mask.png,C:\Users\ritvi\Desktop\brain\data\outputs\clusters\yes\yes9_clusters.png,C:\Users\ritvi\Desktop\brain\data\outputs\histograms\yes\yes9_histogram.jpg
C:\Users\ritvi\Desktop\brain\data\raw\yes\Y10.jpg,yes,yes10,319,360,5,0,0.000000,C:\Users\ritvi\Desktop\brain\data\outputs\segmented\yes\yes10_segmented.png,C:\Users\ritvi\Desktop\brain\data\outputs\masks\yes\yes10_mask.png,C:\Users\ritvi\Desktop\brain\data\outputs\clusters\yes\yes10_clusters.png,C:\Users\ritvi\Desktop\brain\data\outputs\histograms\yes\yes10_histogram.jpg
C:\Users\ritvi\Desktop\brain\data\raw\yes\Y11.jpg,yes,yes11,400,369,3,13786,0.121992,C:\Users\ritvi\Desktop\brain\data\outputs\segmented\yes\yes11_segmented.png,C:\Users\ritvi\Desktop\brain\data\outputs\masks\yes\yes11_mask.png,C:\Users\ritvi\Desktop\brain\data\outputs\clusters\yes\yes11_clusters.png,C:\Users\ritvi\Desktop\brain\data\outputs\histograms\yes\yes11_histogram.jpg
C:\Users\ritvi\Desktop\brain\data\raw\yes\Y12.jpg,yes,yes12,377,500,4,14105,0.100573,C:\Users\ritvi\Desktop\brain\data\outputs\segmented\yes\yes12_segmented.png,C:\Users\ritvi\Desktop\brain\data\outputs\masks\yes\yes12_mask.png,C:\Users\ritvi\Desktop\brain\data\outputs\clusters\yes\yes12_clusters.png,C:\Users\ritvi\Desktop\brain\data\outputs\histograms\yes\yes12_histogram.jpg
C:\Users\ritvi\Desktop\brain\data\raw\yes\Y13.jpg,yes,yes13,254,325,3,303,0.004849,C:\Users\ritvi\Desktop\brain\data\outputs\segmented\yes\yes13_segmented.png,C:\Users\ritvi\Desktop\brain\data\outputs\masks\yes\yes13_mask.png,C:\Users\ritvi\Desktop\brain\data\outputs\clusters\yes\yes13_clusters.png,C:\Users\ritvi\Desktop\brain\data\outputs\histograms\yes\yes13_histogram.jpg
C:\Users\ritvi\Desktop\brain\data\raw\yes\Y14.jpg,yes,yes14,289,300,4,8961,0.144493,C:\Users\ritvi\Desktop\brain\data\outputs\segmented\yes\yes14_segmented.png,C:\Users\ritvi\Desktop\brain\data\outputs\masks\yes\yes14_mask.png,C:\Users\ritvi\Desktop\brain\data\outputs\clusters\yes\yes14_clusters.png,C:\Users\ritvi\Desktop\brain\data\outputs\histograms\yes\yes14_histogram.jpg
C:\Users\ritvi\Desktop\brain\data\raw\yes\Y15.jpg,yes,yes15,310,380,4,19582,0.221043,C:\Users\ritvi\Desktop\brain\data\outputs\segmented\yes\yes15_segmented.png,C:\Users\ritvi\Desktop\brain\data\outputs\masks\yes\yes15_mask.png,C:\Users\ritvi\Desktop\brain\data\outputs\clusters\yes\yes15_clusters.png,C:\Users\ritvi\Desktop\brain\data\outputs\histograms\yes\yes15_histogram.jpg
C:\Users\ritvi\Desktop\brain\data\raw\yes\Y16.JPG,yes,yes16,313,360,4,19029,0.256338,C:\Users\ritvi\Desktop\brain\data\outputs\segmented\yes\yes16_segmented.png,C:\Users\ritvi\Desktop\brain\data\outputs\masks\yes\yes16_mask.png,C:\Users\ritvi\Desktop\brain\data\outputs\clusters\yes\yes16_clusters.png,C:\Users\ritvi\Desktop\brain\data\outputs\histograms\yes\yes16_histogram.jpg
C:\Users\ritvi\Desktop\brain\data\raw\yes\Y17.jpg,yes,yes17,289,300,4,8961,0.144493,C:\Users\ritvi\Desktop\brain\data\outputs\segmented\yes\yes17_segmented.png,C:\Users\ritvi\Desktop\brain\data\outputs\masks\yes\yes17_mask.png,C:\Users\ritvi\Desktop\brain\data\outputs\clusters\yes\yes17_clusters.png,C:\Users\ritvi\Desktop\brain\data\outputs\histograms\yes\yes17_histogram.jpg
C:\Users\ritvi\Desktop\brain\data\raw\yes\Y18.JPG,yes,yes18,279,354,2,2075,0.036385,C:\Users\ritvi\Desktop\brain\data\outputs\segmented\yes\yes18_segmented.png,C:\Users\ritvi\Desktop\brain\data\outputs\masks\yes\yes18_mask.png,C:\Users\ritvi\Desktop\brain\data\outputs\clusters\yes\yes18_clusters.png,C:\Users\ritvi\Desktop\brain\data\outputs\histograms\yes\yes18_histogram.jpg
C:\Users\ritvi\Desktop\brain\data\raw\yes\Y19.JPG,yes,yes19,297,359,3,1896,0.031652,C:\Users\ritvi\Desktop\brain\data\outputs\segmented\yes\yes19_segmented.png,C:\Users\ritvi\Desktop\brain\data\outputs\masks\yes\yes19_mask.png,C:\Users\ritvi\Desktop\brain\data\outputs\clusters\yes\yes19_clusters.png,C:\Users\ritvi\Desktop\brain\data\outputs\histograms\yes\yes19_histogram.jpg
C:\Users\ritvi\Desktop\brain\data\raw\yes\Y20.jpg,yes,yes20,240,300,2,1662,0.036364,C:\Users\ritvi\Desktop\brain\data\outputs\segmented\yes\yes20_segmented.png,C:\Users\ritvi\Desktop\brain\data\outputs\masks\yes\yes20_mask.png,C:\Users\ritvi\Desktop\brain\data\outputs\clusters\yes\yes20_clusters.png,C:\Users\ritvi\Desktop\brain\data\outputs\histograms\yes\yes20_histogram.jpg
C:\Users\ritvi\Desktop\brain\data\raw\yes\Y21.jpg,yes,yes21,204,247,2,912,0.029874,C:\Users\ritvi\Desktop\brain\data\outputs\segmented\yes\yes21_segmented.png,C:\Users\ritvi\Desktop\brain\data\outputs\masks\yes\yes21_mask.png,C:\Users\ritvi\Desktop\brain\data\outputs\clusters\yes\yes21_clusters.png,C:\Users\ritvi\Desktop\brain\data\outputs\histograms\yes\yes21_histogram.jpg
C:\Users\ritvi\Desktop\brain\data\raw\yes\Y22.jpg,yes,yes22,294,380,2,643,0.019588,C:\Users\ritvi\Desktop\brain\data\outputs\segmented\yes\yes22_segmented.png,C:\Users\ritvi\Desktop\brain\data\outputs\masks\yes\yes22_mask.png,C:\Users\ritvi\Desktop\brain\data\outputs\clusters\yes\yes22_clusters.png,C:\Users\ritvi\Desktop\brain\data\outputs\histograms\yes\yes22_histogram.jpg
C:\Users\ritvi\Desktop\brain\data\raw\yes\Y23.JPG,yes,yes23,272,277,2,964,0.019624,C:\Users\ritvi\Desktop\brain\data\outputs\segmented\yes\yes23_segmented.png,C:\Users\ritvi\Desktop\brain\data\outputs\masks\yes\yes23_mask.png,C:\Users\ritvi\Desktop\brain\data\outputs\clusters\yes\yes23_clusters.png,C:\Users\ritvi\Desktop\brain\data\outputs\histograms\yes\yes23_histogram.jpg
C:\Users\ritvi\Desktop\brain\data\raw\yes\Y24.jpg,yes,yes24,1024,1024,2,18386,0.040490,C:\Users\ritvi\Desktop\brain\data\outputs\segmented\yes\yes24_segmented.png,C:\Users\ritvi\Desktop\brain\data\outputs\masks\yes\yes24_mask.png,C:\Users\ritvi\Desktop\brain\data\outputs\clusters\yes\yes24_clusters.png,C:\Users\ritvi\Desktop\brain\data\outputs\histograms\yes\yes24_histogram.jpg
C:\Users\ritvi\Desktop\brain\data\raw\yes\Y25.jpg,yes,yes25,504,630,2,6830,0.032311,C:\Users\ritvi\Desktop\brain\data\outputs\segmented\yes\yes25_segmented.png,C:\Users\ritvi\Desktop\brain\data\outputs\masks\yes\yes25_mask.png,C:\Users\ritvi\Desktop\brain\data\outputs\clusters\yes\yes25_clusters.png,C:\Users\ritvi\Desktop\brain\data\outputs\histograms\yes\yes25_histogram.jpg
C:\Users\ritvi\Desktop\brain\data\raw\yes\Y26.jpg,yes,yes26,628,630,2,9757,0.038960,C:\Users\ritvi\Desktop\brain\data\outputs\segmented\yes\yes26_segmented.png,C:\Users\ritvi\Desktop\brain\data\outputs\masks\yes\yes26_mask.png,C:\Users\ritvi\Desktop\brain\data\outputs\clusters\yes\yes26_clusters.png,C:\Users\ritvi\Desktop\brain\data\outputs\histograms\yes\yes26_histogram.jpg
C:\Users\ritvi\Desktop\brain\data\raw\yes\Y27.jpg,yes,yes27,630,630,3,9119,0.039564,C:\Users\ritvi\Desktop\brain\data\outputs\segmented\yes\yes27_segmented.png,C:\Users\ritvi\Desktop\brain\data\outputs\masks\yes\yes27_mask.png,C:\Users\ritvi\Desktop\brain\data\outputs\clusters\yes\yes27_clusters.png,C:\Users\ritvi\Desktop\brain\data\outputs\histograms\yes\yes27_histogram.jpg
C:\Users\ritvi\Desktop\brain\data\raw\yes\Y28.jpg,yes,yes28,630,630,1,6255,0.039363,C:\Users\ritvi\Desktop\brain\data\outputs\segmented\yes\yes28_segmented.png,C:\Users\ritvi\Desktop\brain\data\outputs\masks\yes\yes28_mask.png,C:\Users\ritvi\Desktop\brain\data\outputs\clusters\yes\yes28_clusters.png,C:\Users\ritvi\Desktop\brain\data\outputs\histograms\yes\yes28_histogram.jpg
C:\Users\ritvi\Desktop\brain\data\raw\yes\Y29.jpg,yes,yes29,630,630,1,3554,0.026186,C:\Users\ritvi\Desktop\brain\data\outputs\segmented\yes\yes29_segmented.png,C:\Users\ritvi\Desktop\brain\data\outputs\masks\yes\yes29_mask.png,C:\Users\ritvi\Desktop\brain\data\outputs\clusters\yes\yes29_clusters.png,C:\Users\ritvi\Desktop\brain\data\outputs\histograms\yes\yes29_histogram.jpg
C:\Users\ritvi\Desktop\brain\data\raw\yes\Y30.jpg,yes,yes30,300,325,2,840,0.011963,C:\Users\ritvi\Desktop\brain\data\outputs\segmented\yes\yes30_segmented.png,C:\Users\ritvi\Desktop\brain\data\outputs\masks\yes\yes30_mask.png,C:\Users\ritvi\Desktop\brain\data\outputs\clusters\yes\yes30_clusters.png,C:\Users\ritvi\Desktop\brain\data\outputs\histograms\yes\yes30_histogram.jpg
C:\Users\ritvi\Desktop\brain\data\raw\yes\Y31.jpg,yes,yes31,250,294,2,885,0.017012,C:\Users\ritvi\Desktop\brain\data\outputs\segmented\yes\yes31_segmented.png,C:\Users\ritvi\Desktop\brain\data\outputs\masks\yes\yes31_mask.png,C:\Users\ritvi\Desktop\brain\data\outputs\clusters\yes\yes31_clusters.png,C:\Users\ritvi\Desktop\brain\data\outputs\histograms\yes\yes31_histogram.jpg
C:\Users\ritvi\Desktop\brain\data\raw\yes\Y32.jpg,yes,yes32,526,555,2,6663,0.034366,C:\Users\ritvi\Desktop\brain\data\outputs\segmented\yes\yes32_segmented.png,C:\Users\ritvi\Desktop\brain\data\outputs\masks\yes\yes32_mask.png,C:\Users\ritvi\Desktop\brain\data\outputs\clusters\yes\yes32_clusters.png,C:\Users\ritvi\Desktop\brain\data\outputs\histograms\yes\yes32_histogram.jpg
C:\Users\ritvi\Desktop\brain\data\raw\yes\Y33.jpg,yes,yes33,512,512,2,3390,0.028841,C:\Users\ritvi\Desktop\brain\data\outputs\segmented\yes\yes33_segmented.png,C:\Users\ritvi\Desktop\brain\data\outputs\masks\yes\yes33_mask.png,C:\Users\ritvi\Desktop\brain\data\outputs\clusters\yes\yes33_clusters.png,C:\Users\ritvi\Desktop\brain\data\outputs\histograms\yes\yes33_histogram.jpg
C:\Users\ritvi\Desktop\brain\data\raw\yes\Y34.jpg,yes,yes34,310,380,4,19582,0.221043,C:\Users\ritvi\Desktop\brain\data\outputs\segmented\yes\yes34_segmented.png,C:\Users\ritvi\Desktop\brain\data\outputs\masks\yes\yes34_mask.png,C:\Users\ritvi\Desktop\brain\data\outputs\clusters\yes\yes34_clusters.png,C:\Users\ritvi\Desktop\brain\data\outputs\histograms\yes\yes34_histogram.jpg
C:\Users\ritvi\Desktop\brain\data\raw\yes\Y35.jpg,yes,yes35,450,446,2,2535,0.040276,C:\Users\ritvi\Desktop\brain\data\outputs\segmented\yes\yes35_segmented.png,C:\Users\ritvi\Desktop\brain\data\outputs\masks\yes\yes35_mask.png,C:\Users\ritvi\Desktop\brain\data\outputs\clusters\yes\yes35_clusters.png,C:\Users\ritvi\Desktop\brain\data\outputs\histograms\yes\yes35_histogram.jpg
C:\Users\ritvi\Desktop\brain\data\raw\yes\Y36.JPG,yes,yes36,204,251,3,7239,0.215909,C:\Users\ritvi\Desktop\brain\data\outputs\segmented\yes\yes36_segmented.png,C:\Users\ritvi\Desktop\brain\data\outputs\masks\yes\yes36_mask.png,C:\Users\ritvi\Desktop\brain\data\outputs\clusters\yes\yes36_clusters.png,C:\Users\ritvi\Desktop\brain\data\outputs\histograms\yes\yes36_histogram.jpg
C:\Users\ritvi\Desktop\brain\data\raw\yes\Y37.jpg,yes,yes37,319,360,5,0,0.000000,C:\Users\ritvi\Desktop\brain\data\outputs\segmented\yes\yes37_segmented.png,C:\Users\ritvi\Desktop\brain\data\outputs\masks\yes\yes37_mask.png,C:\Users\ritvi\Desktop\brain\data\outputs\clusters\yes\yes37_clusters.png,C:\Users\ritvi\Desktop\brain\data\outputs\histograms\yes\yes37_histogram.jpg
C:\Users\ritvi\Desktop\brain\data\raw\yes\Y38.jpg,yes,yes38,300,325,2,840,0.011963,C:\Users\ritvi\Desktop\brain\data\outputs\segmented\yes\yes38_segmented.png,C:\Users\ritvi\Desktop\brain\data\outputs\masks\yes\yes38_mask.png,C:\Users\ritvi\Desktop\brain\data\outputs\clusters\yes\yes38_clusters.png,C:\Users\ritvi\Desktop\brain\data\outputs\histograms\yes\yes38_histogram.jpg
C:\Users\ritvi\Desktop\brain\data\raw\yes\Y39.jpg,yes,yes39,236,278,2,835,0.017684,C:\Users\ritvi\Desktop\brain\data\outputs\segmented\yes\yes39_segmented.png,C:\Users\ritvi\Desktop\brain\data\outputs\masks\yes\yes39_mask.png,C:\Users\ritvi\Desktop\brain\data\outputs\clusters\yes\yes39_clusters.png,C:\Users\ritvi\Desktop\brain\data\outputs\histograms\yes\yes39_histogram.jpg
C:\Users\ritvi\Desktop\brain\data\raw\yes\Y40.JPG,yes,yes40,306,365,3,9711,0.125040,C:\Users\ritvi\Desktop\brain\data\outputs\segmented\yes\yes40_segmented.png,C:\Users\ritvi\Desktop\brain\data\outputs\masks\yes\yes40_mask.png,C:\Users\ritvi\Desktop\brain\data\outputs\clusters\yes\yes40_clusters.png,C:\Users\ritvi\Desktop\brain\data\outputs\histograms\yes\yes40_histogram.jpg
C:\Users\ritvi\Desktop\brain\data\raw\yes\Y41.jpg,yes,yes41,1275,1427,3,71707,0.059541,C:\Users\ritvi\Desktop\brain\data\outputs\segmented\yes\yes41_segmented.png,C:\Users\ritvi\Desktop\brain\data\outputs\masks\yes\yes41_mask.png,C:\Users\ritvi\Desktop\brain\data\outputs\clusters\yes\yes41_clusters.png,C:\Users\ritvi\Desktop\brain\data\outputs\histograms\yes\yes41_histogram.jpg
C:\Users\ritvi\Desktop\brain\data\raw\yes\Y42.jpg,yes,yes42,200,210,2,201,0.007345,C:\Users\ritvi\Desktop\brain\data\outputs\segmented\yes\yes42_segmented.png,C:\Users\ritvi\Desktop\brain\data\outputs\masks\yes\yes42_mask.png,C:\Users\ritvi\Desktop\brain\data\outputs\clusters\yes\yes42_clusters.png,C:\Users\ritvi\Desktop\brain\data\outputs\histograms\yes\yes42_histogram.jpg
C:\Users\ritvi\Desktop\brain\data\raw\yes\Y44.JPG,yes,yes44,293,337,2,770,0.012488,C:\Users\ritvi\Desktop\brain\data\outputs\segmented\yes\yes44_segmented.png,C:\Users\ritvi\Desktop\brain\data\outputs\masks\yes\yes44_mask.png,C:\Users\ritvi\Desktop\brain\data\outputs\clusters\yes\yes44_clusters.png,C:\Users\ritvi\Desktop\brain\data\outputs\histograms\yes\yes44_histogram.jpg
C:\Users\ritvi\Desktop\brain\data\raw\yes\Y45.JPG,yes,yes45,291,340,2,2142,0.031731,C:\Users\ritvi\Desktop\brain\data\outputs\segmented\yes\yes45_segmented.png,C:\Users\ritvi\Desktop\brain\data\outputs\masks\yes\yes45_mask.png,C:\Users\ritvi\Desktop\brain\data\outputs\clusters\yes\yes45_clusters.png,C:\Users\ritvi\Desktop\brain\data\outputs\histograms\yes\yes45_histogram.jpg
C:\Users\ritvi\Desktop\brain\data\raw\yes\Y46.jpg,yes,yes46,634,929,4,33329,0.319908,C:\Users\ritvi\Desktop\brain\data\outputs\segmented\yes\yes46_segmented.png,C:\Users\ritvi\Desktop\brain\data\outputs\masks\yes\yes46_mask.png,C:\Users\ritvi\Desktop\brain\data\outputs\clusters\yes\yes46_clusters.png,C:\Users\ritvi\Desktop\brain\data\outputs\histograms\yes\yes46_histogram.jpg
C:\Users\ritvi\Desktop\brain\data\raw\yes\Y47.JPG,yes,yes47,320,355,3,1440,0.019675,C:\Users\ritvi\Desktop\brain\data\outputs\segmented\yes\yes47_segmented.png,C:\Users\ritvi\Desktop\brain\data\outputs\masks\yes\yes47_mask.png,C:\Users\ritvi\Desktop\brain\data\outputs\clusters\yes\yes47_clusters.png,C:\Users\ritvi\Desktop\brain\data\outputs\histograms\yes\yes47_histogram.jpg
C:\Users\ritvi\Desktop\brain\data\raw\yes\Y49.JPG,yes,yes49,271,307,4,4785,0.085671,C:\Users\ritvi\Desktop\brain\data\outputs\segmented\yes\yes49_segmented.png,C:\Users\ritvi\Desktop\brain\data\outputs\masks\yes\yes49_mask.png,C:\Users\ritvi\Desktop\brain\data\outputs\clusters\yes\yes49_clusters.png,C:\Users\ritvi\Desktop\brain\data\outputs\histograms\yes\yes49_histogram.jpg
C:\Users\ritvi\Desktop\brain\data\raw\yes\Y50.JPG,yes,yes50,315,350,2,1870,0.040917,C:\Users\ritvi\Desktop\brain\data\outputs\segmented\yes\yes50_segmented.png,C:\Users\ritvi\Desktop\brain\data\outputs\masks\yes\yes50_mask.png,C:\Users\ritvi\Desktop\brain\data\outputs\clusters\yes\yes50_clusters.png,C:\Users\ritvi\Desktop\brain\data\outputs\histograms\yes\yes50_histogram.jpg
C:\Users\ritvi\Desktop\brain\data\raw\yes\Y51.jpg,yes,yes51,911,938,2,25963,0.037866,C:\Users\ritvi\Desktop\brain\data\outputs\segmented\yes\yes51_segmented.png,C:\Users\ritvi\Desktop\brain\data\outputs\masks\yes\yes51_mask.png,C:\Users\ritvi\Desktop\brain\data\outputs\clusters\yes\yes51_clusters.png,C:\Users\ritvi\Desktop\brain\data\outputs\histograms\yes\yes51_histogram.jpg
C:\Users\ritvi\Desktop\brain\data\raw\yes\Y52.jpg,yes,yes52,911,938,2,17278,0.033760,C:\Users\ritvi\Desktop\brain\data\outputs\segmented\yes\yes52_segmented.png,C:\Users\ritvi\Desktop\brain\data\outputs\masks\yes\yes52_mask.png,C:\Users\ritvi\Desktop\brain\data\outputs\clusters\yes\yes52_clusters.png,C:\Users\ritvi\Desktop\brain\data\outputs\histograms\yes\yes52_histogram.jpg
C:\Users\ritvi\Desktop\brain\data\raw\yes\Y53.jpg,yes,yes53,230,219,2,453,0.016155,C:\Users\ritvi\Desktop\brain\data\outputs\segmented\yes\yes53_segmented.png,C:\Users\ritvi\Desktop\brain\data\outputs\masks\yes\yes53_mask.png,C:\Users\ritvi\Desktop\brain\data\outputs\clusters\yes\yes53_clusters.png,C:\Users\ritvi\Desktop\brain\data\outputs\histograms\yes\yes53_histogram.jpg
C:\Users\ritvi\Desktop\brain\data\raw\yes\Y54.jpg,yes,yes54,300,325,2,840,0.011963,C:\Users\ritvi\Desktop\brain\data\outputs\segmented\yes\yes54_segmented.png,C:\Users\ritvi\Desktop\brain\data\outputs\masks\yes\yes54_mask.png,C:\Users\ritvi\Desktop\brain\data\outputs\clusters\yes\yes54_clusters.png,C:\Users\ritvi\Desktop\brain\data\outputs\histograms\yes\yes54_histogram.jpg
C:\Users\ritvi\Desktop\brain\data\raw\yes\Y55.jpg,yes,yes55,620,620,3,50246,0.212538,C:\Users\ritvi\Desktop\brain\data\outputs\segmented\yes\yes55_segmented.png,C:\Users\ritvi\Desktop\brain\data\outputs\masks\yes\yes55_mask.png,C:\Users\ritvi\Desktop\brain\data\outputs\clusters\yes\yes55_clusters.png,C:\Users\ritvi\Desktop\brain\data\outputs\histograms\yes\yes55_histogram.jpg
C:\Users\ritvi\Desktop\brain\data\raw\yes\Y56.jpg,yes,yes56,211,239,5,343,0.010698,C:\Users\ritvi\Desktop\brain\data\outputs\segmented\yes\yes56_segmented.png,C:\Users\ritvi\Desktop\brain\data\outputs\masks\yes\yes56_mask.png,C:\Users\ritvi\Desktop\brain\data\outputs\clusters\yes\yes56_clusters.png,C:\Users\ritvi\Desktop\brain\data\outputs\histograms\yes\yes56_histogram.jpg
C:\Users\ritvi\Desktop\brain\data\raw\yes\Y58.JPG,yes,yes58,314,340,4,7627,0.148351,C:\Users\ritvi\Desktop\brain\data\outputs\segmented\yes\yes58_segmented.png,C:\Users\ritvi\Desktop\brain\data\outputs\masks\yes\yes58_mask.png,C:\Users\ritvi\Desktop\brain\data\outputs\clusters\yes\yes58_clusters.png,C:\Users\ritvi\Desktop\brain\data\outputs\histograms\yes\yes58_histogram.jpg
C:\Users\ritvi\Desktop\brain\data\raw\yes\Y59.JPG,yes,yes59,229,270,4,7535,0.220922,C:\Users\ritvi\Desktop\brain\data\outputs\segmented\yes\yes59_segmented.png,C:\Users\ritvi\Desktop\brain\data\outputs\masks\yes\yes59_mask.png,C:\Users\ritvi\Desktop\brain\data\outputs\clusters\yes\yes59_clusters.png,C:\Users\ritvi\Desktop\brain\data\outputs\histograms\yes\yes59_histogram.jpg
C:\Users\ritvi\Desktop\brain\data\raw\yes\Y60.jpg,yes,yes60,197,255,2,403,0.012814,C:\Users\ritvi\Desktop\brain\data\outputs\segmented\yes\yes60_segmented.png,C:\Users\ritvi\Desktop\brain\data\outputs\masks\yes\yes60_mask.png,C:\Users\ritvi\Desktop\brain\data\outputs\clusters\yes\yes60_clusters.png,C:\Users\ritvi\Desktop\brain\data\outputs\histograms\yes\yes60_histogram.jpg
C:\Users\ritvi\Desktop\brain\data\raw\yes\Y61.jpg,yes,yes61,433,520,2,3833,0.027458,C:\Users\ritvi\Desktop\brain\data\outputs\segmented\yes\yes61_segmented.png,C:\Users\ritvi\Desktop\brain\data\outputs\masks\yes\yes61_mask.png,C:\Users\ritvi\Desktop\brain\data\outputs\clusters\yes\yes61_clusters.png,C:\Users\ritvi\Desktop\brain\data\outputs\histograms\yes\yes61_histogram.jpg
C:\Users\ritvi\Desktop\brain\data\raw\yes\Y62.jpg,yes,yes62,250,294,2,885,0.017012,C:\Users\ritvi\Desktop\brain\data\outputs\segmented\yes\yes62_segmented.png,C:\Users\ritvi\Desktop\brain\data\outputs\masks\yes\yes62_mask.png,C:\Users\ritvi\Desktop\brain\data\outputs\clusters\yes\yes62_clusters.png,C:\Users\ritvi\Desktop\brain\data\outputs\histograms\yes\yes62_histogram.jpg
C:\Users\ritvi\Desktop\brain\data\raw\yes\Y65.JPG,yes,yes65,205,243,3,7181,0.214269,C:\Users\ritvi\Desktop\brain\data\outputs\segmented\yes\yes65_segmented.png,C:\Users\ritvi\Desktop\brain\data\outputs\masks\yes\yes65_mask.png,C:\Users\ritvi\Desktop\brain\data\outputs\clusters\yes\yes65_clusters.png,C:\Users\ritvi\Desktop\brain\data\outputs\histograms\yes\yes65_histogram.jpg
C:\Users\ritvi\Desktop\brain\data\raw\yes\Y66.JPG,yes,yes66,288,340,2,1680,0.036737,C:\Users\ritvi\Desktop\brain\data\outputs\segmented\yes\yes66_segmented.png,C:\Users\ritvi\Desktop\brain\data\outputs\masks\yes\yes66_mask.png,C:\Users\ritvi\Desktop\brain\data\outputs\clusters\yes\yes66_clusters.png,C:\Users\ritvi\Desktop\brain\data\outputs\histograms\yes\yes66_histogram.jpg
C:\Users\ritvi\Desktop\brain\data\raw\yes\Y67.JPG,yes,yes67,215,233,1,591,0.026332,C:\Users\ritvi\Desktop\brain\data\outputs\segmented\yes\yes67_segmented.png,C:\Users\ritvi\Desktop\brain\data\outputs\masks\yes\yes67_mask.png,C:\Users\ritvi\Desktop\brain\data\outputs\clusters\yes\yes67_clusters.png,C:\Users\ritvi\Desktop\brain\data\outputs\histograms\yes\yes67_histogram.jpg
C:\Users\ritvi\Desktop\brain\data\raw\yes\Y69.jpg,yes,yes69,504,630,2,6830,0.032311,C:\Users\ritvi\Desktop\brain\data\outputs\segmented\yes\yes69_segmented.png,C:\Users\ritvi\Desktop\brain\data\outputs\masks\yes\yes69_mask.png,C:\Users\ritvi\Desktop\brain\data\outputs\clusters\yes\yes69_clusters.png,C:\Users\ritvi\Desktop\brain\data\outputs\histograms\yes\yes69_histogram.jpg
C:\Users\ritvi\Desktop\brain\data\raw\yes\Y70.jpg,yes,yes70,300,325,2,840,0.011963,C:\Users\ritvi\Desktop\brain\data\outputs\segmented\yes\yes70_segmented.png,C:\Users\ritvi\Desktop\brain\data\outputs\masks\yes\yes70_mask.png,C:\Users\ritvi\Desktop\brain\data\outputs\clusters\yes\yes70_clusters.png,C:\Users\ritvi\Desktop\brain\data\outputs\histograms\yes\yes70_histogram.jpg
C:\Users\ritvi\Desktop\brain\data\raw\yes\Y71.JPG,yes,yes71,300,349,2,1610,0.027136,C:\Users\ritvi\Desktop\brain\data\outputs\segmented\yes\yes71_segmented.png,C:\Users\ritvi\Desktop\brain\data\outputs\masks\yes\yes71_mask.png,C:\Users\ritvi\Desktop\brain\data\outputs\clusters\yes\yes71_clusters.png,C:\Users\ritvi\Desktop\brain\data\outputs\histograms\yes\yes71_histogram.jpg
C:\Users\ritvi\Desktop\brain\data\raw\yes\Y73.jpg,yes,yes73,250,290,2,649,0.013199,C:\Users\ritvi\Desktop\brain\data\outputs\segmented\yes\yes73_segmented.png,C:\Users\ritvi\Desktop\brain\data\outputs\masks\yes\yes73_mask.png,C:\Users\ritvi\Desktop\brain\data\outputs\clusters\yes\yes73_clusters.png,C:\Users\ritvi\Desktop\brain\data\outputs\histograms\yes\yes73_histogram.jpg
C:\Users\ritvi\Desktop\brain\data\raw\yes\Y74.jpg,yes,yes74,620,620,3,50246,0.212538,C:\Users\ritvi\Desktop\brain\data\outputs\segmented\yes\yes74_segmented.png,C:\Users\ritvi\Desktop\brain\data\outputs\masks\yes\yes74_mask.png,C:\Users\ritvi\Desktop\brain\data\outputs\clusters\yes\yes74_clusters.png,C:\Users\ritvi\Desktop\brain\data\outputs\histograms\yes\yes74_histogram.jpg
C:\Users\ritvi\Desktop\brain\data\raw\yes\Y75.JPG,yes,yes75,264,338,4,545,0.008047,C:\Users\ritvi\Desktop\brain\data\outputs\segmented\yes\yes75_segmented.png,C:\Users\ritvi\Desktop\brain\data\outputs\masks\yes\yes75_mask.png,C:\Users\ritvi\Desktop\brain\data\outputs\clusters\yes\yes75_clusters.png,C:\Users\ritvi\Desktop\brain\data\outputs\histograms\yes\yes75_histogram.jpg
C:\Users\ritvi\Desktop\brain\data\raw\yes\Y76.jpg,yes,yes76,353,442,2,3326,0.032012,C:\Users\ritvi\Desktop\brain\data\outputs\segmented\yes\yes76_segmented.png,C:\Users\ritvi\Desktop\brain\data\outputs\masks\yes\yes76_mask.png,C:\Users\ritvi\Desktop\brain\data\outputs\clusters\yes\yes76_clusters.png,C:\Users\ritvi\Desktop\brain\data\outputs\histograms\yes\yes76_histogram.jpg
C:\Users\ritvi\Desktop\brain\data\raw\yes\Y77.jpg,yes,yes77,300,353,2,1508,0.022938,C:\Users\ritvi\Desktop\brain\data\outputs\segmented\yes\yes77_segmented.png,C:\Users\ritvi\Desktop\brain\data\outputs\masks\yes\yes77_mask.png,C:\Users\ritvi\Desktop\brain\data\outputs\clusters\yes\yes77_clusters.png,C:\Users\ritvi\Desktop\brain\data\outputs\histograms\yes\yes77_histogram.jpg
C:\Users\ritvi\Desktop\brain\data\raw\yes\Y78.jpg,yes,yes78,201,251,2,132,0.004169,C:\Users\ritvi\Desktop\brain\data\outputs\segmented\yes\yes78_segmented.png,C:\Users\ritvi\Desktop\brain\data\outputs\masks\yes\yes78_mask.png,C:\Users\ritvi\Desktop\brain\data\outputs\clusters\yes\yes78_clusters.png,C:\Users\ritvi\Desktop\brain\data\outputs\histograms\yes\yes78_histogram.jpg
C:\Users\ritvi\Desktop\brain\data\raw\yes\Y79.jpg,yes,yes79,400,431,3,12837,0.091392,C:\Users\ritvi\Desktop\brain\data\outputs\segmented\yes\yes79_segmented.png,C:\Users\ritvi\Desktop\brain\data\outputs\masks\yes\yes79_mask.png,C:\Users\ritvi\Desktop\brain\data\outputs\clusters\yes\yes79_clusters.png,C:\Users\ritvi\Desktop\brain\data\outputs\histograms\yes\yes79_histogram.jpg
C:\Users\ritvi\Desktop\brain\data\raw\yes\Y81.jpg,yes,yes81,216,234,4,7593,0.228162,C:\Users\ritvi\Desktop\brain\data\outputs\segmented\yes\yes81_segmented.png,C:\Users\ritvi\Desktop\brain\data\outputs\masks\yes\yes81_mask.png,C:\Users\ritvi\Desktop\brain\data\outputs\clusters\yes\yes81_clusters.png,C:\Users\ritvi\Desktop\brain\data\outputs\histograms\yes\yes81_histogram.jpg
C:\Users\ritvi\Desktop\brain\data\raw\yes\Y82.jpg,yes,yes82,226,223,3,4099,0.128952,C:\Users\ritvi\Desktop\brain\data\outputs\segmented\yes\yes82_segmented.png,C:\Users\ritvi\Desktop\brain\data\outputs\masks\yes\yes82_mask.png,C:\Users\ritvi\Desktop\brain\data\outputs\clusters\yes\yes82_clusters.png,C:\Users\ritvi\Desktop\brain\data\outputs\histograms\yes\yes82_histogram.jpg
C:\Users\ritvi\Desktop\brain\data\raw\yes\Y85.JPG,yes,yes85,244,308,4,354,0.011760,C:\Users\ritvi\Desktop\brain\data\outputs\segmented\yes\yes85_segmented.png,C:\Users\ritvi\Desktop\brain\data\outputs\masks\yes\yes85_mask.png,C:\Users\ritvi\Desktop\brain\data\outputs\clusters\yes\yes85_clusters.png,C:\Users\ritvi\Desktop\brain\data\outputs\histograms\yes\yes85_histogram.jpg
C:\Users\ritvi\Desktop\brain\data\raw\yes\Y86.JPG,yes,yes86,272,350,3,393,0.026556,C:\Users\ritvi\Desktop\brain\data\outputs\segmented\yes\yes86_segmented.png,C:\Users\ritvi\Desktop\brain\data\outputs\masks\yes\yes86_mask.png,C:\Users\ritvi\Desktop\brain\data\outputs\clusters\yes\yes86_clusters.png,C:\Users\ritvi\Desktop\brain\data\outputs\histograms\yes\yes86_histogram.jpg
C:\Users\ritvi\Desktop\brain\data\raw\yes\Y89.JPG,yes,yes89,241,286,3,1764,0.025593,C:\Users\ritvi\Desktop\brain\data\outputs\segmented\yes\yes89_segmented.png,C:\Users\ritvi\Desktop\brain\data\outputs\masks\yes\yes89_mask.png,C:\Users\ritvi\Desktop\brain\data\outputs\clusters\yes\yes89_clusters.png,C:\Users\ritvi\Desktop\brain\data\outputs\histograms\yes\yes89_histogram.jpg
C:\Users\ritvi\Desktop\brain\data\raw\yes\Y90.jpg,yes,yes90,512,512,2,40275,0.336629,C:\Users\ritvi\Desktop\brain\data\outputs\segmented\yes\yes90_segmented.png,C:\Users\ritvi\Desktop\brain\data\outputs\masks\yes\yes90_mask.png,C:\Users\ritvi\Desktop\brain\data\outputs\clusters\yes\yes90_clusters.png,C:\Users\ritvi\Desktop\brain\data\outputs\histograms\yes\yes90_histogram.jpg
C:\Users\ritvi\Desktop\brain\data\raw\yes\Y91.jpg,yes,yes91,1061,1280,3,116160,0.173388,C:\Users\ritvi\Desktop\brain\data\outputs\segmented\yes\yes91_segmented.png,C:\Users\ritvi\Desktop\brain\data\outputs\masks\yes\yes91_mask.png,C:\Users\ritvi\Desktop\brain\data\outputs\clusters\yes\yes91_clusters.png,C:\Users\ritvi\Desktop\brain\data\outputs\histograms\yes\yes91_histogram.jpg
C:\Users\ritvi\Desktop\brain\data\raw\yes\Y92.jpg,yes,yes92,194,260,2,787,0.022088,C:\Users\ritvi\Desktop\brain\data\outputs\segmented\yes\yes92_segmented.png,C:\Users\ritvi\Desktop\brain\data\outputs\masks\yes\yes92_mask.png,C:\Users\ritvi\Desktop\brain\data\outputs\clusters\yes\yes92_clusters.png,C:\Users\ritvi\Desktop\brain\data\outputs\histograms\yes\yes92_histogram.jpg
C:\Users\ritvi\Desktop\brain\data\raw\yes\Y92.png,yes,yes92_2,240,300,2,1666,0.036460,C:\Users\ritvi\Desktop\brain\data\outputs\segmented\yes\yes92_2_segmented.png,C:\Users\ritvi\Desktop\brain\data\outputs\masks\yes\yes92_2_mask.png,C:\Users\ritvi\Desktop\brain\data\outputs\clusters\yes\yes92_2_clusters.png,C:\Users\ritvi\Desktop\brain\data\outputs\histograms\yes\yes92_2_histogram.jpg
C:\Users\ritvi\Desktop\brain\data\raw\yes\Y95.jpg,yes,yes95,225,225,1,201,0.008245,C:\Users\ritvi\Desktop\brain\data\outputs\segmented\yes\yes95_segmented.png,C:\Users\ritvi\Desktop\brain\data\outputs\masks\yes\yes95_mask.png,C:\Users\ritvi\Desktop\brain\data\outputs\clusters\yes\yes95_clusters.png,C:\Users\ritvi\Desktop\brain\data\outputs\histograms\yes\yes95_histogram.jpg
C:\Users\ritvi\Desktop\brain\data\raw\yes\Y96.jpg,yes,yes96,864,938,2,19220,0.038014,C:\Users\ritvi\Desktop\brain\data\outputs\segmented\yes\yes96_segmented.png,C:\Users\ritvi\Desktop\brain\data\outputs\masks\yes\yes96_mask.png,C:\Users\ritvi\Desktop\brain\data\outputs\clusters\yes\yes96_clusters.png,C:\Users\ritvi\Desktop\brain\data\outputs\histograms\yes\yes96_histogram.jpg
C:\Users\ritvi\Desktop\brain\data\raw\yes\Y97.JPG,yes,yes97,272,355,4,5308,0.086145,C:\Users\ritvi\Desktop\brain\data\outputs\segmented\yes\yes97_segmented.png,C:\Users\ritvi\Desktop\brain\data\outputs\masks\yes\yes97_mask.png,C:\Users\ritvi\Desktop\brain\data\outputs\clusters\yes\yes97_clusters.png,C:\Users\ritvi\Desktop\brain\data\outputs\histograms\yes\yes97_histogram.jpg
C:\Users\ritvi\Desktop\brain\data\raw\yes\Y98.JPG,yes,yes98,276,323,2,1634,0.028453,C:\Users\ritvi\Desktop\brain\data\outputs\segmented\yes\yes98_segmented.png,C:\Users\ritvi\Desktop\brain\data\outputs\masks\yes\yes98_mask.png,C:\Users\ritvi\Desktop\brain\data\outputs\clusters\yes\yes98_clusters.png,C:\Users\ritvi\Desktop\brain\data\outputs\histograms\yes\yes98_histogram.jpg
C:\Users\ritvi\Desktop\brain\data\raw\yes\Y99.JPG,yes,yes99,283,357,3,3604,0.046809,C:\Users\ritvi\Desktop\brain\data\outputs\segmented\yes\yes99_segmented.png,C:\Users\ritvi\Desktop\brain\data\outputs\masks\yes\yes99_mask.png,C:\Users\ritvi\Desktop\brain\data\outputs\clusters\yes\yes99_clusters.png,C:\Users\ritvi\Desktop\brain\data\outputs\histograms\yes\yes99_histogram.jpg
C:\Users\ritvi\Desktop\brain\data\raw\yes\Y100.JPG,yes,yes100,287,348,2,1909,0.028980,C:\Users\ritvi\Desktop\brain\data\outputs\segmented\yes\yes100_segmented.png,C:\Users\ritvi\Desktop\brain\data\outputs\masks\yes\yes100_mask.png,C:\Users\ritvi\Desktop\brain\data\outputs\clusters\yes\yes100_clusters.png,C:\Users\ritvi\Desktop\brain\data\outputs\histograms\yes\yes100_histogram.jpg
C:\Users\ritvi\Desktop\brain\data\raw\yes\Y101.jpg,yes,yes101,300,336,2,1795,0.030712,C:\Users\ritvi\Desktop\brain\data\outputs\segmented\yes\yes101_segmented.png,C:\Users\ritvi\Desktop\brain\data\outputs\masks\yes\yes101_mask.png,C:\Users\ritvi\Desktop\brain\data\outputs\clusters\yes\yes101_clusters.png,C:\Users\ritvi\Desktop\brain\data\outputs\histograms\yes\yes101_histogram.jpg
C:\Users\ritvi\Desktop\brain\data\raw\yes\Y102.jpg,yes,yes102,587,630,4,55184,0.231253,C:\Users\ritvi\Desktop\brain\data\outputs\segmented\yes\yes102_segmented.png,C:\Users\ritvi\Desktop\brain\data\outputs\masks\yes\yes102_mask.png,C:\Users\ritvi\Desktop\brain\data\outputs\clusters\yes\yes102_clusters.png,C:\Users\ritvi\Desktop\brain\data\outputs\histograms\yes\yes102_histogram.jpg
C:\Users\ritvi\Desktop\brain\data\raw\yes\Y103.jpg,yes,yes103,825,993,4,90964,0.149122,C:\Users\ritvi\Desktop\brain\data\outputs\segmented\yes\yes103_segmented.png,C:\Users\ritvi\Desktop\brain\data\outputs\masks\yes\yes103_mask.png,C:\Users\ritvi\Desktop\brain\data\outputs\clusters\yes\yes103_clusters.png,C:\Users\ritvi\Desktop\brain\data\outputs\histograms\yes\yes103_histogram.jpg
C:\Users\ritvi\Desktop\brain\data\raw\yes\Y104.jpg,yes,yes104,700,890,5,24588,0.264231,C:\Users\ritvi\Desktop\brain\data\outputs\segmented\yes\yes104_segmented.png,C:\Users\ritvi\Desktop\brain\data\outputs\masks\yes\yes104_mask.png,C:\Users\ritvi\Desktop\brain\data\outputs\clusters\yes\yes104_clusters.png,C:\Users\ritvi\Desktop\brain\data\outputs\histograms\yes\yes104_histogram.jpg
C:\Users\ritvi\Desktop\brain\data\raw\yes\Y105.jpg,yes,yes105,205,246,2,0,0.000000,C:\Users\ritvi\Desktop\brain\data\outputs\segmented\yes\yes105_segmented.png,C:\Users\ritvi\Desktop\brain\data\outputs\masks\yes\yes105_mask.png,C:\Users\ritvi\Desktop\brain\data\outputs\clusters\yes\yes105_clusters.png,C:\Users\ritvi\Desktop\brain\data\outputs\histograms\yes\yes105_histogram.jpg
C:\Users\ritvi\Desktop\brain\data\raw\yes\Y106.jpg,yes,yes106,200,253,3,716,0.019787,C:\Users\ritvi\Desktop\brain\data\outputs\segmented\yes\yes106_segmented.png,C:\Users\ritvi\Desktop\brain\data\outputs\masks\yes\yes106_mask.png,C:\Users\ritvi\Desktop\brain\data\outputs\clusters\yes\yes106_clusters.png,C:\Users\ritvi\Desktop\brain\data\outputs\histograms\yes\yes106_histogram.jpg
C:\Users\ritvi\Desktop\brain\data\raw\yes\Y107.jpg,yes,yes107,512,512,2,3390,0.028841,C:\Users\ritvi\Desktop\brain\data\outputs\segmented\yes\yes107_segmented.png,C:\Users\ritvi\Desktop\brain\data\outputs\masks\yes\yes107_mask.png,C:\Users\ritvi\Desktop\brain\data\outputs\clusters\yes\yes107_clusters.png,C:\Users\ritvi\Desktop\brain\data\outputs\histograms\yes\yes107_histogram.jpg
C:\Users\ritvi\Desktop\brain\data\raw\yes\Y108.jpg,yes,yes108,1059,1200,2,180264,0.269565,C:\Users\ritvi\Desktop\brain\data\outputs\segmented\yes\yes108_segmented.png,C:\Users\ritvi\Desktop\brain\data\outputs\masks\yes\yes108_mask.png,C:\Users\ritvi\Desktop\brain\data\outputs\clusters\yes\yes108_clusters.png,C:\Users\ritvi\Desktop\brain\data\outputs\histograms\yes\yes108_histogram.jpg
C:\Users\ritvi\Desktop\brain\data\raw\yes\Y109.JPG,yes,yes109,258,279,5,2330,0.032369,C:\Users\ritvi\Desktop\brain\data\outputs\segmented\yes\yes109_segmented.png,C:\Users\ritvi\Desktop\brain\data\outputs\masks\yes\yes109_mask.png,C:\Users\ritvi\Desktop\brain\data\outputs\clusters\yes\yes109_clusters.png,C:\Users\ritvi\Desktop\brain\data\outputs\histograms\yes\yes109_histogram.jpg
C:\Users\ritvi\Desktop\brain\data\raw\yes\Y111.JPG,yes,yes111,272,324,3,10122,0.139283,C:\Users\ritvi\Desktop\brain\data\outputs\segmented\yes\yes111_segmented.png,C:\Users\ritvi\Desktop\brain\data\outputs\masks\yes\yes111_mask.png,C:\Users\ritvi\Desktop\brain\data\outputs\clusters\yes\yes111_clusters.png,C:\Users\ritvi\Desktop\brain\data\outputs\histograms\yes\yes111_histogram.jpg
C:\Users\ritvi\Desktop\brain\data\raw\yes\Y112.JPG,yes,yes112,310,366,4,11056,0.142227,C:\Users\ritvi\Desktop\brain\data\outputs\segmented\yes\yes112_segmented.png,C:\Users\ritvi\Desktop\brain\data\outputs\masks\yes\yes112_mask.png,C:\Users\ritvi\Desktop\brain\data\outputs\clusters\yes\yes112_clusters.png,C:\Users\ritvi\Desktop\brain\data\outputs\histograms\yes\yes112_histogram.jpg
C:\Users\ritvi\Desktop\brain\data\raw\yes\Y113.JPG,yes,yes113,254,312,4,7430,0.172522,C:\Users\ritvi\Desktop\brain\data\outputs\segmented\yes\yes113_segmented.png,C:\Users\ritvi\Desktop\brain\data\outputs\masks\yes\yes113_mask.png,C:\Users\ritvi\Desktop\brain\data\outputs\clusters\yes\yes113_clusters.png,C:\Users\ritvi\Desktop\brain\data\outputs\histograms\yes\yes113_histogram.jpg
C:\Users\ritvi\Desktop\brain\data\raw\yes\Y114.JPG,yes,yes114,178,249,2,123,0.006295,C:\Users\ritvi\Desktop\brain\data\outputs\segmented\yes\yes114_segmented.png,C:\Users\ritvi\Desktop\brain\data\outputs\masks\yes\yes114_mask.png,C:\Users\ritvi\Desktop\brain\data\outputs\clusters\yes\yes114_clusters.png,C:\Users\ritvi\Desktop\brain\data\outputs\histograms\yes\yes114_histogram.jpg
C:\Users\ritvi\Desktop\brain\data\raw\yes\Y115.JPG,yes,yes115,260,298,3,7379,0.164149,C:\Users\ritvi\Desktop\brain\data\outputs\segmented\yes\yes115_segmented.png,C:\Users\ritvi\Desktop\brain\data\outputs\masks\yes\yes115_mask.png,C:\Users\ritvi\Desktop\brain\data\outputs\clusters\yes\yes115_clusters.png,C:\Users\ritvi\Desktop\brain\data\outputs\histograms\yes\yes115_histogram.jpg
C:\Users\ritvi\Desktop\brain\data\raw\yes\Y116.JPG,yes,yes116,249,269,1,1128,0.029930,C:\Users\ritvi\Desktop\brain\data\outputs\segmented\yes\yes116_segmented.png,C:\Users\ritvi\Desktop\brain\data\outputs\masks\yes\yes116_mask.png,C:\Users\ritvi\Desktop\brain\data\outputs\clusters\yes\yes116_clusters.png,C:\Users\ritvi\Desktop\brain\data\outputs\histograms\yes\yes116_histogram.jpg
C:\Users\ritvi\Desktop\brain\data\raw\yes\Y117.JPG,yes,yes117,246,310,1,781,0.021249,C:\Users\ritvi\Desktop\brain\data\outputs\segmented\yes\yes117_segmented.png,C:\Users\ritvi\Desktop\brain\data\outputs\masks\yes\yes117_mask.png,C:\Users\ritvi\Desktop\brain\data\outputs\clusters\yes\yes117_clusters.png,C:\Users\ritvi\Desktop\brain\data\outputs\histograms\yes\yes117_histogram.jpg
C:\Users\ritvi\Desktop\brain\data\raw\yes\Y120.JPG,yes,yes120,224,245,3,370,0.050074,C:\Users\ritvi\Desktop\brain\data\outputs\segmented\yes\yes120_segmented.png,C:\Users\ritvi\Desktop\brain\data\outputs\masks\yes\yes120_mask.png,C:\Users\ritvi\Desktop\brain\data\outputs\clusters\yes\yes120_clusters.png,C:\Users\ritvi\Desktop\brain\data\outputs\histograms\yes\yes120_histogram.jpg
C:\Users\ritvi\Desktop\brain\data\raw\yes\Y146.JPG,yes,yes146,311,355,5,11023,0.141981,C:\Users\ritvi\Desktop\brain\data\outputs\segmented\yes\yes146_segmented.png,C:\Users\ritvi\Desktop\brain\data\outputs\masks\yes\yes146_mask.png,C:\Users\ritvi\Desktop\brain\data\outputs\clusters\yes\yes146_clusters.png,C:\Users\ritvi\Desktop\brain\data\outputs\histograms\yes\yes146_histogram.jpg
C:\Users\ritvi\Desktop\brain\data\raw\yes\Y147.JPG,yes,yes147,321,352,4,1920,0.021993,C:\Users\ritvi\Desktop\brain\data\outputs\segmented\yes\yes147_segmented.png,C:\Users\ritvi\Desktop\brain\data\outputs\masks\yes\yes147_mask.png,C:\Users\ritvi\Desktop\brain\data\outputs\clusters\yes\yes147_clusters.png,C:\Users\ritvi\Desktop\brain\data\outputs\histograms\yes\yes147_histogram.jpg
C:\Users\ritvi\Desktop\brain\data\raw\yes\Y148.JPG,yes,yes148,231,283,4,2458,0.044233,C:\Users\ritvi\Desktop\brain\data\outputs\segmented\yes\yes148_segmented.png,C:\Users\ritvi\Desktop\brain\data\outputs\masks\yes\yes148_mask.png,C:\Users\ritvi\Desktop\brain\data\outputs\clusters\yes\yes148_clusters.png,C:\Users\ritvi\Desktop\brain\data\outputs\histograms\yes\yes148_histogram.jpg
C:\Users\ritvi\Desktop\brain\data\raw\yes\Y153.jpg,yes,yes153,300,359,2,703,0.010720,C:\Users\ritvi\Desktop\brain\data\outputs\segmented\yes\yes153_segmented.png,C:\Users\ritvi\Desktop\brain\data\outputs\masks\yes\yes153_mask.png,C:\Users\ritvi\Desktop\brain\data\outputs\clusters\yes\yes153_clusters.png,C:\Users\ritvi\Desktop\brain\data\outputs\histograms\yes\yes153_histogram.jpg
C:\Users\ritvi\Desktop\brain\data\raw\yes\Y154.jpg,yes,yes154,400,431,3,12837,0.091392,C:\Users\ritvi\Desktop\brain\data\outputs\segmented\yes\yes154_segmented.png,C:\Users\ritvi\Desktop\brain\data\outputs\masks\yes\yes154_mask.png,C:\Users\ritvi\Desktop\brain\data\outputs\clusters\yes\yes154_clusters.png,C:\Users\ritvi\Desktop\brain\data\outputs\histograms\yes\yes154_histogram.jpg
C:\Users\ritvi\Desktop\brain\data\raw\yes\Y155.JPG,yes,yes155,310,355,3,15907,0.208231,C:\Users\ritvi\Desktop\brain\data\outputs\segmented\yes\yes155_segmented.png,C:\Users\ritvi\Desktop\brain\data\outputs\masks\yes\yes155_mask.png,C:\Users\ritvi\Desktop\brain\data\outputs\clusters\yes\yes155_clusters.png,C:\Users\ritvi\Desktop\brain\data\outputs\histograms\yes\yes155_histogram.jpg
C:\Users\ritvi\Desktop\brain\data\raw\yes\Y156.JPG,yes,yes156,286,370,2,1773,0.030631,C:\Users\ritvi\Desktop\brain\data\outputs\segmented\yes\yes156_segmented.png,C:\Users\ritvi\Desktop\brain\data\outputs\masks\yes\yes156_mask.png,C:\Users\ritvi\Desktop\brain\data\outputs\clusters\yes\yes156_clusters.png,C:\Users\ritvi\Desktop\brain\data\outputs\histograms\yes\yes156_histogram.jpg
C:\Users\ritvi\Desktop\brain\data\raw\yes\Y157.JPG,yes,yes157,232,309,3,5193,0.104269,C:\Users\ritvi\Desktop\brain\data\outputs\segmented\yes\yes157_segmented.png,C:\Users\ritvi\Desktop\brain\data\outputs\masks\yes\yes157_mask.png,C:\Users\ritvi\Desktop\brain\data\outputs\clusters\yes\yes157_clusters.png,C:\Users\ritvi\Desktop\brain\data\outputs\histograms\yes\yes157_histogram.jpg
C:\Users\ritvi\Desktop\brain\data\raw\yes\Y158.JPG,yes,yes158,283,334,3,2271,0.032684,C:\Users\ritvi\Desktop\brain\data\outputs\segmented\yes\yes158_segmented.png,C:\Users\ritvi\Desktop\brain\data\outputs\masks\yes\yes158_mask.png,C:\Users\ritvi\Desktop\brain\data\outputs\clusters\yes\yes158_clusters.png,C:\Users\ritvi\Desktop\brain\data\outputs\histograms\yes\yes158_histogram.jpg
C:\Users\ritvi\Desktop\brain\data\raw\yes\Y159.JPG,yes,yes159,303,354,4,3920,0.051720,C:\Users\ritvi\Desktop\brain\data\outputs\segmented\yes\yes159_segmented.png,C:\Users\ritvi\Desktop\brain\data\outputs\masks\yes\yes159_mask.png,C:\Users\ritvi\Desktop\brain\data\outputs\clusters\yes\yes159_clusters.png,C:\Users\ritvi\Desktop\brain\data\outputs\histograms\yes\yes159_histogram.jpg
C:\Users\ritvi\Desktop\brain\data\raw\yes\Y160.JPG,yes,yes160,297,348,2,1868,0.041027,C:\Users\ritvi\Desktop\brain\data\outputs\segmented\yes\yes160_segmented.png,C:\Users\ritvi\Desktop\brain\data\outputs\masks\yes\yes160_mask.png,C:\Users\ritvi\Desktop\brain\data\outputs\clusters\yes\yes160_clusters.png,C:\Users\ritvi\Desktop\brain\data\outputs\histograms\yes\yes160_histogram.jpg
C:\Users\ritvi\Desktop\brain\data\raw\yes\Y161.JPG,yes,yes161,273,351,3,15050,0.256467,C:\Users\ritvi\Desktop\brain\data\outputs\segmented\yes\yes161_segmented.png,C:\Users\ritvi\Desktop\brain\data\outputs\masks\yes\yes161_mask.png,C:\Users\ritvi\Desktop\brain\data\outputs\clusters\yes\yes161_clusters.png,C:\Users\ritvi\Desktop\brain\data\outputs\histograms\yes\yes161_histogram.jpg
C:\Users\ritvi\Desktop\brain\data\raw\yes\Y162.jpg,yes,yes162,1059,1200,2,180264,0.269565,C:\Users\ritvi\Desktop\brain\data\outputs\segmented\yes\yes162_segmented.png,C:\Users\ritvi\Desktop\brain\data\outputs\masks\yes\yes162_mask.png,C:\Users\ritvi\Desktop\brain\data\outputs\clusters\yes\yes162_clusters.png,C:\Users\ritvi\Desktop\brain\data\outputs\histograms\yes\yes162_histogram.jpg
C:\Users\ritvi\Desktop\brain\data\raw\yes\Y163.JPG,yes,yes163,270,316,4,5728,0.102483,C:\Users\ritvi\Desktop\brain\data\outputs\segmented\yes\yes163_segmented.png,C:\Users\ritvi\Desktop\brain\data\outputs\masks\yes\yes163_mask.png,C:\Users\ritvi\Desktop\brain\data\outputs\clusters\yes\yes163_clusters.png,C:\Users\ritvi\Desktop\brain\data\outputs\histograms\yes\yes163_histogram.jpg
C:\Users\ritvi\Desktop\brain\data\raw\yes\Y164.JPG,yes,yes164,264,336,2,1761,0.028308,C:\Users\ritvi\Desktop\brain\data\outputs\segmented\yes\yes164_segmented.png,C:\Users\ritvi\Desktop\brain\data\outputs\masks\yes\yes164_mask.png,C:\Users\ritvi\Desktop\brain\data\outputs\clusters\yes\yes164_clusters.png,C:\Users\ritvi\Desktop\brain\data\outputs\histograms\yes\yes164_histogram.jpg
C:\Users\ritvi\Desktop\brain\data\raw\yes\Y165.JPG,yes,yes165,223,303,2,1015,0.022432,C:\Users\ritvi\Desktop\brain\data\outputs\segmented\yes\yes165_segmented.png,C:\Users\ritvi\Desktop\brain\data\outputs\masks\yes\yes165_mask.png,C:\Users\ritvi\Desktop\brain\data\outputs\clusters\yes\yes165_clusters.png,C:\Users\ritvi\Desktop\brain\data\outputs\histograms\yes\yes165_histogram.jpg
C:\Users\ritvi\Desktop\brain\data\raw\yes\Y166.JPG,yes,yes166,253,291,3,5576,0.109550,C:\Users\ritvi\Desktop\brain\data\outputs\segmented\yes\yes166_segmented.png,C:\Users\ritvi\Desktop\brain\data\outputs\masks\yes\yes166_mask.png,C:\Users\ritvi\Desktop\brain\data\outputs\clusters\yes\yes166_clusters.png,C:\Users\ritvi\Desktop\brain\data\outputs\histograms\yes\yes166_histogram.jpg
C:\Users\ritvi\Desktop\brain\data\raw\yes\Y167.JPG,yes,yes167,272,350,3,11570,0.123712,C:\Users\ritvi\Desktop\brain\data\outputs\segmented\yes\yes167_segmented.png,C:\Users\ritvi\Desktop\brain\data\outputs\masks\yes\yes167_mask.png,C:\Users\ritvi\Desktop\brain\data\outputs\clusters\yes\yes167_clusters.png,C:\Users\ritvi\Desktop\brain\data\outputs\histograms\yes\yes167_histogram.jpg
C:\Users\ritvi\Desktop\brain\data\raw\yes\Y168.jpg,yes,yes168,263,300,2,1601,0.034784,C:\Users\ritvi\Desktop\brain\data\outputs\segmented\yes\yes168_segmented.png,C:\Users\ritvi\Desktop\brain\data\outputs\masks\yes\yes168_mask.png,C:\Users\ritvi\Desktop\brain\data\outputs\clusters\yes\yes168_clusters.png,C:\Users\ritvi\Desktop\brain\data\outputs\histograms\yes\yes168_histogram.jpg
C:\Users\ritvi\Desktop\brain\data\raw\yes\Y169.jpg,yes,yes169,254,325,3,303,0.004849,C:\Users\ritvi\Desktop\brain\data\outputs\segmented\yes\yes169_segmented.png,C:\Users\ritvi\Desktop\brain\data\outputs\masks\yes\yes169_mask.png,C:\Users\ritvi\Desktop\brain\data\outputs\clusters\yes\yes169_clusters.png,C:\Users\ritvi\Desktop\brain\data\outputs\histograms\yes\yes169_histogram.jpg
C:\Users\ritvi\Desktop\brain\data\raw\yes\Y170.JPG,yes,yes170,290,355,2,2073,0.027238,C:\Users\ritvi\Desktop\brain\data\outputs\segmented\yes\yes170_segmented.png,C:\Users\ritvi\Desktop\brain\data\outputs\masks\yes\yes170_mask.png,C:\Users\ritvi\Desktop\brain\data\outputs\clusters\yes\yes170_clusters.png,C:\Users\ritvi\Desktop\brain\data\outputs\histograms\yes\yes170_histogram.jpg
C:\Users\ritvi\Desktop\brain\data\raw\yes\Y180.jpg,yes,yes180,467,586,3,0,0.000000,C:\Users\ritvi\Desktop\brain\data\outputs\segmented\yes\yes180_segmented.png,C:\Users\ritvi\Desktop\brain\data\outputs\masks\yes\yes180_mask.png,C:\Users\ritvi\Desktop\brain\data\outputs\clusters\yes\yes180_clusters.png,C:\Users\ritvi\Desktop\brain\data\outputs\histograms\yes\yes180_histogram.jpg
C:\Users\ritvi\Desktop\brain\data\raw\yes\Y181.jpg,yes,yes181,310,380,4,19582,0.221043,C:\Users\ritvi\Desktop\brain\data\outputs\segmented\yes\yes181_segmented.png,C:\Users\ritvi\Desktop\brain\data\outputs\masks\yes\yes181_mask.png,C:\Users\ritvi\Desktop\brain\data\outputs\clusters\yes\yes181_clusters.png,C:\Users\ritvi\Desktop\brain\data\outputs\histograms\yes\yes181_histogram.jpg
C:\Users\ritvi\Desktop\brain\data\raw\yes\Y182.JPG,yes,yes182,273,318,3,7642,0.124075,C:\Users\ritvi\Desktop\brain\data\outputs\segmented\yes\yes182_segmented.png,C:\Users\ritvi\Desktop\brain\data\outputs\masks\yes\yes182_mask.png,C:\Users\ritvi\Desktop\brain\data\outputs\clusters\yes\yes182_clusters.png,C:\Users\ritvi\Desktop\brain\data\outputs\histograms\yes\yes182_histogram.jpg
C:\Users\ritvi\Desktop\brain\data\raw\yes\Y183.jpg,yes,yes183,300,347,4,15632,0.197491,C:\Users\ritvi\Desktop\brain\data\outputs\segmented\yes\yes183_segmented.png,C:\Users\ritvi\Desktop\brain\data\outputs\masks\yes\yes183_mask.png,C:\Users\ritvi\Desktop\brain\data\outputs\clusters\yes\yes183_clusters.png,C:\Users\ritvi\Desktop\brain\data\outputs\histograms\yes\yes183_histogram.jpg
C:\Users\ritvi\Desktop\brain\data\raw\yes\Y184.JPG,yes,yes184,189,173,3,86,0.027250,C:\Users\ritvi\Desktop\brain\data\outputs\segmented\yes\yes184_segmented.png,C:\Users\ritvi\Desktop\brain\data\outputs\masks\yes\yes184_mask.png,C:\Users\ritvi\Desktop\brain\data\outputs\clusters\yes\yes184_clusters.png,C:\Users\ritvi\Desktop\brain\data\outputs\histograms\yes\yes184_histogram.jpg
C:\Users\ritvi\Desktop\brain\data\raw\yes\Y185.jpg,yes,yes185,318,380,3,424,0.005870,C:\Users\ritvi\Desktop\brain\data\outputs\segmented\yes\yes185_segmented.png,C:\Users\ritvi\Desktop\brain\data\outputs\masks\yes\yes185_mask.png,C:\Users\ritvi\Desktop\brain\data\outputs\clusters\yes\yes185_clusters.png,C:\Users\ritvi\Desktop\brain\data\outputs\histograms\yes\yes185_histogram.jpg
C:\Users\ritvi\Desktop\brain\data\raw\yes\Y186.jpg,yes,yes186,355,450,2,3149,0.030614,C:\Users\ritvi\Desktop\brain\data\outputs\segmented\yes\yes186_segmented.png,C:\Users\ritvi\Desktop\brain\data\outputs\masks\yes\yes186_mask.png,C:\Users\ritvi\Desktop\brain\data\outputs\clusters\yes\yes186_clusters.png,C:\Users\ritvi\Desktop\brain\data\outputs\histograms\yes\yes186_histogram.jpg
C:\Users\ritvi\Desktop\brain\data\raw\yes\Y187.jpg,yes,yes187,206,244,3,8702,0.276614,C:\Users\ritvi\Desktop\brain\data\outputs\segmented\yes\yes187_segmented.png,C:\Users\ritvi\Desktop\brain\data\outputs\masks\yes\yes187_mask.png,C:\Users\ritvi\Desktop\brain\data\outputs\clusters\yes\yes187_clusters.png,C:\Users\ritvi\Desktop\brain\data\outputs\histograms\yes\yes187_histogram.jpg
C:\Users\ritvi\Desktop\brain\data\raw\yes\Y188.jpg,yes,yes188,766,879,2,1201,0.005312,C:\Users\ritvi\Desktop\brain\data\outputs\segmented\yes\yes188_segmented.png,C:\Users\ritvi\Desktop\brain\data\outputs\masks\yes\yes188_mask.png,C:\Users\ritvi\Desktop\brain\data\outputs\clusters\yes\yes188_clusters.png,C:\Users\ritvi\Desktop\brain\data\outputs\histograms\yes\yes188_histogram.jpg
C:\Users\ritvi\Desktop\brain\data\raw\yes\Y192.JPG,yes,yes192,273,342,3,5116,0.077971,C:\Users\ritvi\Desktop\brain\data\outputs\segmented\yes\yes192_segmented.png,C:\Users\ritvi\Desktop\brain\data\outputs\masks\yes\yes192_mask.png,C:\Users\ritvi\Desktop\brain\data\outputs\clusters\yes\yes192_clusters.png,C:\Users\ritvi\Desktop\brain\data\outputs\histograms\yes\yes192_histogram.jpg
C:\Users\ritvi\Desktop\brain\data\raw\yes\Y193.JPG,yes,yes193,262,351,3,6367,0.103944,C:\Users\ritvi\Desktop\brain\data\outputs\segmented\yes\yes193_segmented.png,C:\Users\ritvi\Desktop\brain\data\outputs\masks\yes\yes193_mask.png,C:\Users\ritvi\Desktop\brain\data\outputs\clusters\yes\yes193_clusters.png,C:\Users\ritvi\Desktop\brain\data\outputs\histograms\yes\yes193_histogram.jpg
C:\Users\ritvi\Desktop\brain\data\raw\yes\Y194.jpg,yes,yes194,256,256,2,768,0.020748,C:\Users\ritvi\Desktop\brain\data\outputs\segmented\yes\yes194_segmented.png,C:\Users\ritvi\Desktop\brain\data\outputs\masks\yes\yes194_mask.png,C:\Users\ritvi\Desktop\brain\data\outputs\clusters\yes\yes194_clusters.png,C:\Users\ritvi\Desktop\brain\data\outputs\histograms\yes\yes194_histogram.jpg
C:\Users\ritvi\Desktop\brain\data\raw\yes\Y195.JPG,yes,yes195,314,340,2,2082,0.026338,C:\Users\ritvi\Desktop\brain\data\outputs\segmented\yes\yes195_segmented.png,C:\Users\ritvi\Desktop\brain\data\outputs\masks\yes\yes195_mask.png,C:\Users\ritvi\Desktop\brain\data\outputs\clusters\yes\yes195_clusters.png,C:\Users\ritvi\Desktop\brain\data\outputs\histograms\yes\yes195_histogram.jpg
C:\Users\ritvi\Desktop\brain\data\raw\yes\Y242.JPG,yes,yes242,279,344,2,1794,0.024212,C:\Users\ritvi\Desktop\brain\data\outputs\segmented\yes\yes242_segmented.png,C:\Users\ritvi\Desktop\brain\data\outputs\masks\yes\yes242_mask.png,C:\Users\ritvi\Desktop\brain\data\outputs\clusters\yes\yes242_clusters.png,C:\Users\ritvi\Desktop\brain\data\outputs\histograms\yes\yes242_histogram.jpg
C:\Users\ritvi\Desktop\brain\data\raw\yes\Y243.JPG,yes,yes243,272,331,2,2675,0.042014,C:\Users\ritvi\Desktop\brain\data\outputs\segmented\yes\yes243_segmented.png,C:\Users\ritvi\Desktop\brain\data\outputs\masks\yes\yes243_mask.png,C:\Users\ritvi\Desktop\brain\data\outputs\clusters\yes\yes243_clusters.png,C:\Users\ritvi\Desktop\brain\data\outputs\histograms\yes\yes243_histogram.jpg
C:\Users\ritvi\Desktop\brain\data\raw\yes\Y244.JPG,yes,yes244,278,351,2,1006,0.054826,C:\Users\ritvi\Desktop\brain\data\outputs\segmented\yes\yes244_segmented.png,C:\Users\ritvi\Desktop\brain\data\outputs\masks\yes\yes244_mask.png,C:\Users\ritvi\Desktop\brain\data\outputs\clusters\yes\yes244_clusters.png,C:\Users\ritvi\Desktop\brain\data\outputs\histograms\yes\yes244_histogram.jpg
C:\Users\ritvi\Desktop\brain\data\raw\yes\Y245.jpg,yes,yes245,213,237,2,194,0.028508,C:\Users\ritvi\Desktop\brain\data\outputs\segmented\yes\yes245_segmented.png,C:\Users\ritvi\Desktop\brain\data\outputs\masks\yes\yes245_mask.png,C:\Users\ritvi\Desktop\brain\data\outputs\clusters\yes\yes245_clusters.png,C:\Users\ritvi\Desktop\brain\data\outputs\histograms\yes\yes245_histogram.jpg
C:\Users\ritvi\Desktop\brain\data\raw\yes\Y246.JPG,yes,yes246,294,355,2,1497,0.020880,C:\Users\ritvi\Desktop\brain\data\outputs\segmented\yes\yes246_segmented.png,C:\Users\ritvi\Desktop\brain\data\outputs\masks\yes\yes246_mask.png,C:\Users\ritvi\Desktop\brain\data\outputs\clusters\yes\yes246_clusters.png,C:\Users\ritvi\Desktop\brain\data\outputs\histograms\yes\yes246_histogram.jpg
C:\Users\ritvi\Desktop\brain\data\raw\yes\Y247.JPG,yes,yes247,248,338,2,2058,0.035185,C:\Users\ritvi\Desktop\brain\data\outputs\segmented\yes\yes247_segmented.png,C:\Users\ritvi\Desktop\brain\data\outputs\masks\yes\yes247_mask.png,C:\Users\ritvi\Desktop\brain\data\outputs\clusters\yes\yes247_clusters.png,C:\Users\ritvi\Desktop\brain\data\outputs\histograms\yes\yes247_histogram.jpg
C:\Users\ritvi\Desktop\brain\data\raw\yes\Y248.JPG,yes,yes248,289,315,1,1491,0.035585,C:\Users\ritvi\Desktop\brain\data\outputs\segmented\yes\yes248_segmented.png,C:\Users\ritvi\Desktop\brain\data\outputs\masks\yes\yes248_mask.png,C:\Users\ritvi\Desktop\brain\data\outputs\clusters\yes\yes248_clusters.png,C:\Users\ritvi\Desktop\brain\data\outputs\histograms\yes\yes248_histogram.jpg
C:\Users\ritvi\Desktop\brain\data\raw\yes\Y249.JPG,yes,yes249,260,331,2,1360,0.025499,C:\Users\ritvi\Desktop\brain\data\outputs\segmented\yes\yes249_segmented.png,C:\Users\ritvi\Desktop\brain\data\outputs\masks\yes\yes249_mask.png,C:\Users\ritvi\Desktop\brain\data\outputs\clusters\yes\yes249_clusters.png,C:\Users\ritvi\Desktop\brain\data\outputs\histograms\yes\yes249_histogram.jpg
C:\Users\ritvi\Desktop\brain\data\raw\yes\Y250.jpg,yes,yes250,213,236,3,3343,0.094039,C:\Users\ritvi\Desktop\brain\data\outputs\segmented\yes\yes250_segmented.png,C:\Users\ritvi\Desktop\brain\data\outputs\masks\yes\yes250_mask.png,C:\Users\ritvi\Desktop\brain\data\outputs\clusters\yes\yes250_clusters.png,C:\Users\ritvi\Desktop\brain\data\outputs\histograms\yes\yes250_histogram.jpg
C:\Users\ritvi\Desktop\brain\data\raw\yes\Y251.JPG,yes,yes251,278,349,2,1441,0.027855,C:\Users\ritvi\Desktop\brain\data\outputs\segmented\yes\yes251_segmented.png,C:\Users\ritvi\Desktop\brain\data\outputs\masks\yes\yes251_mask.png,C:\Users\ritvi\Desktop\brain\data\outputs\clusters\yes\yes251_clusters.png,C:\Users\ritvi\Desktop\brain\data\outputs\histograms\yes\yes251_histogram.jpg
C:\Users\ritvi\Desktop\brain\data\raw\yes\Y252.jpg,yes,yes252,197,256,2,627,0.027674,C:\Users\ritvi\Desktop\brain\data\outputs\segmented\yes\yes252_segmented.png,C:\Users\ritvi\Desktop\brain\data\outputs\masks\yes\yes252_mask.png,C:\Users\ritvi\Desktop\brain\data\outputs\clusters\yes\yes252_clusters.png,C:\Users\ritvi\Desktop\brain\data\outputs\histograms\yes\yes252_histogram.jpg
C:\Users\ritvi\Desktop\brain\data\raw\yes\Y253.JPG,yes,yes253,283,338,2,2268,0.036353,C:\Users\ritvi\Desktop\brain\data\outputs\segmented\yes\yes253_segmented.png,C:\Users\ritvi\Desktop\brain\data\outputs\masks\yes\yes253_mask.png,C:\Users\ritvi\Desktop\brain\data\outputs\clusters\yes\yes253_clusters.png,C:\Users\ritvi\Desktop\brain\data\outputs\histograms\yes\yes253_histogram.jpg
C:\Users\ritvi\Desktop\brain\data\raw\yes\Y254.jpg,yes,yes254,201,251,2,981,0.023816,C:\Users\ritvi\Desktop\brain\data\outputs\segmented\yes\yes254_segmented.png,C:\Users\ritvi\Desktop\brain\data\outputs\masks\yes\yes254_mask.png,C:\Users\ritvi\Desktop\brain\data\outputs\clusters\yes\yes254_clusters.png,C:\Users\ritvi\Desktop\brain\data\outputs\histograms\yes\yes254_histogram.jpg
C:\Users\ritvi\Desktop\brain\data\raw\yes\Y255.JPG,yes,yes255,283,295,2,947,0.016694,C:\Users\ritvi\Desktop\brain\data\outputs\segmented\yes\yes255_segmented.png,C:\Users\ritvi\Desktop\brain\data\outputs\masks\yes\yes255_mask.png,C:\Users\ritvi\Desktop\brain\data\outputs\clusters\yes\yes255_clusters.png,C:\Users\ritvi\Desktop\brain\data\outputs\histograms\yes\yes255_histogram.jpg
C:\Users\ritvi\Desktop\brain\data\raw\yes\Y256.JPG,yes,yes256,281,352,2,1775,0.034368,C:\Users\ritvi\Desktop\brain\data\outputs\segmented\yes\yes256_segmented.png,C:\Users\ritvi\Desktop\brain\data\outputs\masks\yes\yes256_mask.png,C:\Users\ritvi\Desktop\brain\data\outputs\clusters\yes\yes256_clusters.png,C:\Users\ritvi\Desktop\brain\data\outputs\histograms\yes\yes256_histogram.jpg
C:\Users\ritvi\Desktop\brain\data\raw\yes\Y257.jpg,yes,yes257,781,960,2,16415,0.030709,C:\Users\ritvi\Desktop\brain\data\outputs\segmented\yes\yes257_segmented.png,C:\Users\ritvi\Desktop\brain\data\outputs\masks\yes\yes257_mask.png,C:\Users\ritvi\Desktop\brain\data\outputs\clusters\yes\yes257_clusters.png,C:\Users\ritvi\Desktop\brain\data\outputs\histograms\yes\yes257_histogram.jpg
C:\Users\ritvi\Desktop\brain\data\raw\yes\Y258.JPG,yes,yes258,292,349,2,1862,0.026759,C:\Users\ritvi\Desktop\brain\data\outputs\segmented\yes\yes258_segmented.png,C:\Users\ritvi\Desktop\brain\data\outputs\masks\yes\yes258_mask.png,C:\Users\ritvi\Desktop\brain\data\outputs\clusters\yes\yes258_clusters.png,C:\Users\ritvi\Desktop\brain\data\outputs\histograms\yes\yes258_histogram.jpg
C:\Users\ritvi\Desktop\brain\data\raw\yes\Y259.JPG,yes,yes259,278,324,1,414,0.038394,C:\Users\ritvi\Desktop\brain\data\outputs\segmented\yes\yes259_segmented.png,C:\Users\ritvi\Desktop\brain\data\outputs\masks\yes\yes259_mask.png,C:\Users\ritvi\Desktop\brain\data\outputs\clusters\yes\yes259_clusters.png,C:\Users\ritvi\Desktop\brain\data\outputs\histograms\yes\yes259_histogram.jpg
